SMILES,pred_gap
CCC(O)C1C(C)[C](C)N=CCNN(N)NN1ON,4.1660676
C=CC(C1CC1)C(CCC=CC)OO,6.862736
CCC(C)=CCCCCC1C=CS1=S,4.022824
CCC1CCOCCNCCCCCCO1,7.8350983
CC(CN)CSCCCCCCO,6.3836637
CCC(CC=C(O)CNSCC=O)CNC,5.6916094
C=C1CCCCC(O)C(C)=C1CC,6.4483404
CNC=[SH]C(CSC)OC,4.132941
C=CCC=NCNCCCCCC,5.3052783
CCCCCCC(C)OC(CO)OCC,9.145513
CCOC(=O)CCCC(CC)NOC,6.779047
COC1OCCCCC2CCCC1CCOC2C,8.855236
CCC1NC(C)(C)C(CO)(COCO)CO1,8.3117695
CCC(CCCCOC)OCC1CC1,9.005496
CC(C)C(C)(C)CCN,8.126455
CCSc1cccccnccc1S,5.0986996
CCCS(=CC#CC(C)CC)CC,4.069294
CC1CC1=NCCC(O)S,6.190947
C=CC1C=CC=CC=C=CCC(O)(OC)C1,4.1067677
CCC(C)NOC(N)C1C[N]C1,6.5268583
CCCC(CCCOCN)C1=CC=C1,4.7711554
CCCCC1CC(CCN(C)N)CNCC1N,7.067672
CC1SC2CCSCC2(C#N)S1,5.1986895
CCCC(C)(O)CSC=O,6.4476995
C=C1CC1CCC(C)(N)C=NN,6.273877
CC1(O)CCCCCOCOC(=O)ON1,8.12838
CCC1=CC(C)(S)CCCC=CC1,5.1876144
CCC1CCCCC=CCCCNN1C,6.135153
CCCCCC=C1CNC(C)=CN1CC,5.861894
C=CC(CCCNCCOC)=NCO,6.9219217
CSC1C(=O)SCOCC1C(C)=CC=S,3.561932
CCC(CC)N(CCCC=N)C(N)=O,5.3699894
CCC1CCNCC(C)CCC(C)C1,7.3339214
CCOC1=CCCC1C=C1CC1,5.8268614
CC1CCCC(CCCNCO)CCNC1,7.4039865
CC#CCCCCC=CC,6.805004
CCC1(CC(=N)N)CCCC(C)C1,6.539547
CNCCC1COC(OC)[SH]1CN,6.171731
CCC(C(C)C)C1CC=C[N+]1(C)[O-],5.3258147
CC1CCCCCCNCC1,7.9211793
CCN1CCSC1SC1CS1,5.982218
CCC1CCCCCN(C(N)C=O)CC1,6.7234454
CCCCCN(CC)NC(CCC)CNN,7.216105
CCCNC(N)S(=N)(=O)NC,6.5885196
COCCP(O)OC(F)CNN,8.282169
CC1COC1NCN1NCNCCC1O,7.249927
CC(N)=CC(C)=CO,5.3218365
CCCCCCCC(O)CCN,8.216883
CN1CC(N)OCC(NCN=O)C(N)C1,5.8835683
CCC1CC1CC1CC1CCO,8.75255
COCCCCC(C)COC,8.976278
CC1CCC(COCCCNNO)CNC1,7.7951
CCC1(COC=CC=S)CNC1CS,4.1314526
CCCCCCCCC1CCC(CC)C1,9.495619
CCC(CC)N1CCCCC1=N,6.970228
CN1C=CCCCC1CCN,6.6516137
CC(C)CC(C)C1(N)CCCCC1(C)C,7.8368454
CC(C)CN=C1CCC1,6.6505647
CC[SH]1CSCCCSCCSCC=[SH]1,3.7759871
CCCCC(=O)SCC1=C(C)C1,5.4508924
CCC1CN(CCCO)C2=C=C21,6.020827
OCC1=CCSCCCCCSC1,5.9955497
CCN[C]CCC(C)(N=O)SS,3.7789996
CCN1CCNCC(=S)SC1,4.589822
N=C1C=CCCC1,4.7804008
O=CNCC=NCC1C=NC1,6.1852
CC(=N)CC1CCCCCC=C1C,5.7260327
COC1=C([O])C(N)C(O)=C1N,4.0276623
CCCCC(O)CC(O)C1NC1=O,5.8760724
CCCN=CC1CCC1C=CN(C)CCC=O,4.214346
OCN1CCC2CCCC(C1)S2,6.2915764
CCC(C)C(O)ONC1CCCCCCC1,8.43201
CCC(O)C1(C)COC1C(O)OP,8.60518
CCC(CC)COCCC=CC=O,5.3305206
C=C(C)S[PH](=C)COO,5.0821753
CCCOC(=O)N=NC(CCC)CCO,5.959595
C=C1C=CCC2CC(=O)C(COC)=C12,3.5975165
C=C1NC(C)C(C#N)OCO1,6.811536
CCC1CC(F)CC(F)C1CC,9.110252
CCCCOC1C2CCC(C)C(C2)C1C,8.936067
C#CC(CC(C)CC)CC(CC)CN,7.1178594
CC(CNC#N)CC(CN)SCCOO,6.5621657
CCC(O)=NN=O,4.3042703
CC1CCCCCCCCC[SH](C)C1,6.875335
C=NC(=O)C(O)CC(C)O,5.052945
CCC1CCCCCSCSCP1,6.4781804
N=C1CCCCOCC=NCCCCCS1,5.0452995
CCCC1CCC2CCC=CC=C1CCC2,5.982876
CCCOCC(C)CON,8.794565
OOC1[C]C(O)NNC1,6.117606
C=C1CC(SC)S1,6.0571065
C=CC1CCNCCNN1C=C,6.453122
CN=CSN1N=C=[SH]C=CC=CS1,3.3547297
CCCC1CCCC1CSCCN=O,5.050238
CCCNC(=N)CC(=O)C(C)OCC,5.553953
CCC1CC=NCC1,6.8438463
C=CC(C)(O)COC,7.5272408
CCCOC(C)COC#CCN,8.04406
CC1(O)NCC1CCO,8.014956
CC(C)C1CCCCCCCCN(C)CN1,7.0549164
C.CC1(C(O)O)COOC1,8.120952
C#CC1NC(C)C1CCCC(C)CC,6.9436793
CC(CO)CNC1(C(C)O)CCC(C)C1,7.309478
C=CC1(CC2=CC2CC)CC1,5.5339494
CCC(CC=CCOC)CC1CCCC=N1,6.4368925
CC1=CCN=C(NCC(N)C=CC=CCNN)C1,4.085592
CC(=O)CCC(=O)C1CCCCC(N)CS1,5.7865524
NC1CCCCCCCC2CC2SCC1,5.4406543
C=CCC(O)CC,7.1556334
CNC1CC(OCC(O)CN)C1,7.645103
CCCCOC(C)CCCCC(C)O,8.829286
CCCC(OOC(=O)OCC)C(C)C,8.070452
C=C(COC(C)(C)C)ONC(C)=O,6.975795
CCC1(COO)OCCOCCCC(C)(NC)O1,8.557649
C=C1C=CC(=CC)C(CC)(OC)C1,5.486426
CSCCCC=CCCS,6.195706
CCc1cccc(O)c1NN(C)C,5.140837
CCCC1CCCC=CSCC1=S,3.9408853
C=CC(CCCCC=O)COO,6.5043817
CCSCCNCC(C)OS,6.233671
CC1C2CCCCOCC2CCCC2OC21,8.684165
C=CCCC1CC=CC1NC=N,5.6389337
CCNNCC=CPC1OC=CC=COCCO1,4.191094
CC1=CCCC(=O)C=CCCCCOOC1,4.1787276
CCC(O)C1=CSC=CCN1CNCCNN,4.947089
CCCOCSCCC(C)C1CCC1,7.1372766
CCC(=O)N1CC(CC(N)O)ON1,7.733022
C1=CCCC2C=CC(=C1)CC2,5.3986025
C=C(C)CC1CC1C,7.469726
CC(C)CCC1CCCC(C)C1C,9.742791
CC1CCOC(C)OCOCC(C)(C)CNC1,8.610128
CCNC(CS)C(=O)O,5.8655457
CCCCOC(C)CCCC(=O)CC,6.5079913
CC(N)CC(F)C1CC1C(C)O,7.771274
CCC(CN(O)CO)PNOC,7.0382624
CCCC1C=NCCN(C)CCCC1,6.3557615
CC(OO)C(C)P(CO)CCO,8.2167225
CCNCN(N)CCC(O)N(C)C,7.4574075
CCC(C)C1C(C)C1OCC(C)CO,8.850933
CCNCCCC(CCC1OCC1Cl)NC,7.3814874
CC1C=CCC(C)CSC(C)C1,6.1523066
CCCC(CC)CCNNNC(C)C,7.7171617
NC1NNCCOCCOC1O,7.8697767
C=C1CCC(O)C(O)C1C,6.942354
CCCCC(C=CC=CCNC)CC,5.2312846
CCCNOCC(C#N)OCCC#N,7.7096343
CNCCC1CC(CO)C1CNC,7.4109654
CCCC1C=CCC(C)CCCC1,6.7207236
CCCNCC=C1C=c2ccccc2=CC1C,3.46175
CCC(CCSC(C)C=O)NO,7.4988384
C=C1C(COC)CC1(O)NC(C)OC,6.9504395
CC(CNNN1CN1)CC1CC=CCC1C,6.4790583
OCCC=CC1C=C1,5.3718424
CC1=NSCSSO1,4.0409307
C=[SH]C1COCC=CC=C(OC)C(C)CCCS1,3.969799
NCC1=C2CC=C2CCC1,4.966007
C=C(C=CN)NC,4.7334485
CC1CCC=CC=CC=CCCCC=N1,4.0159516
CCCCC(C)C=CCCNCCC,6.4095106
CC1=CCCCC=CC(C)CC1,5.809138
SCC#CCCc1ccccc1,5.6823406
C=C1C(=O)C1=NC(CO)OC,3.80238
CCC(C)CCCCSC(N)(S)CN,6.6897235
CC=C(CCNCCC)OCCCC,6.6777744
CCCCCCC1CC(C)C1,9.676607
CNC(C)CSC(N)C=S,5.4425073
C=NC(CC)CCC(C)Cn1[nH][nH]1,6.6113696
CCc1cc(C)ccccccc1CC(CC)CC,5.673157
CC(N)OC(=O)CC1CO1,7.5821543
CCCC=CC(CCC=O)OCCC,6.1618757
C=C1CC=C1NCC(C)CC,5.7686176
NC1N=CC1=CC1CCCN(O)CS1,4.114239
CCCON[S](CCC)CC(C)CN,6.3310695
CCC(C)NCC=CC(CCCN)C1CCC1,6.6131935
N=C1CCC1=C1C=CCC=C1,3.3631127
CCC(=O)CCCO,6.65422
NCc1sncc1C=S,3.9834795
CSC1CC1NC1C2CCC21CCCC#N,6.3808928
CCC1(C=O)OCCC1CC#[SH],5.8989425
CC1CC[SH](CCCS)C1,6.3607154
C.CCC=CC(C)CCC,6.7214403
CC[N+]([O-])(O)C(C)C=O,5.9052644
C=C=C1CCCC(CC)C1CCSCC,6.054748
C=C(C=[SH]C)c1cscccccnss1,3.0493038
CC(=O)C=CC(=N)NCCOO,4.3642006
CCC1(N=O)SNC=CC=C2C=CC=CC=C21,2.7857912
CC(CCC(CO)C1CN1)CSCS,6.4114304
CCC(C)CCCC(O)C(C)NO,8.011079
COC1CN=CC=CC=CC=CC=CN1CC=O,2.4641979
C=C1CCCCNC=CC=CC=CC=C1CCC,3.499947
CCC(C)C(O)C1CCOC(C)C1C,8.826336
CCCCCCC(CC)CCC(C)O,8.751119
CCCC1CCNC1(C)N,7.907671
CCC1(CS)CC1C=O,6.51031
CCCCNNC(O)N(O)C(C)NCC,8.018065
CCC1C(=O)C(C)=C1CCCCO,5.5956144
CC1CCOCCCCC1CO,8.314678
CCCCCC(O)CCCC=C(C)C,7.074373
CCCCCCC1CC(CC)C(COC)N1,7.4220467
CCC(C)CC1CNNCCN1,7.9919786
CCCCCC1CCOCCCC1CCC,8.609512
CCCCCCC(C)CCC,9.983353
COCC(CO)C(C)OCCNCCCN,7.989983
CSC(CS)NNSC(O)OCC1CC1,7.083191
CCCC1CCCCC2CCC12C,9.521932
CCC(O)CCCOCC(C)(C)C,8.679075
N=C(OO)OCCCCCCOO,7.173296
C=CCCNCCNN1C=NC=CNC1,5.04663
CC=CCC=CCSCS,5.495508
CN1C(CO)C1CCN,7.905696
COCN1C=CCCCN1,6.739905
O=CPSCSNC1CCC=CO1,4.7239385
CCC1CSCCCC(CCO)C1,6.2466316
CCC(CSNC)[PH](=O)O,6.6687922
CCCCC(CN)C(CC(O)SC)OC,6.9385586
CC(C=O)CCCCCC1C=C1,6.2000704
SCC1CSCC(C=C2C=NN=CO2)C1,3.7971716
CCC(CO)CCCNC(CC)CC,7.607754
C=NNC(C)C(NCSC(=C)NCC)[SH]=C,3.6247663
CC1CCOC(C)CC(C)C1,9.055222
CCOC1=NC=CC=CN2C=CC3=CC=CC31O2,2.3945293
O=CCC1C2CCC=CCC=NN12,5.0144653
COC1=CSC=C(CN)C1N,4.6297827
C=C1CCCCCCS(C)=C(C)N1,5.9853134
C=CC1=C(C#N)S1,4.0661516
C=CC1CC(CC)CO1,7.343509
CCC(CO)NSC(N)CO,7.005113
C#CCC(C)=CCC(=O)CS.CCS,4.432358
CC1CCCCCC=NC(C)C1C,6.2811637
CCCCOCCOC(CCC(C)CC)NNCC,7.378603
CCC(CC)(CO)CCCC(C)C,8.840269
CCCCC(C)NCC,8.179957
CCCNOC(O)COCC,8.411487
CCCC(CNC1(C(C)O)CC1)NC,7.2636003
CCC(N)N=CC[SH](C)C(C)CCl,5.08463
CCSC(C)NOP(N)CN,7.064632
CCCC1CC1C(C)(CC)CCCC1CCC(CC)C1,8.632517
CCCC1CC1(C)CC,9.28599
C=C(CC)CCC(CO)C(C)CN,7.006071
CC(C)COC(O)(O)C=O,7.902874
CCN1C=C=CC=CC=C(CS)C=CSN[SH]1CS,2.8074815
CCCCNNCCCN1CCCC1,7.4331155
CC1CC=C=C1CC1CCC1,6.0720863
CSCSCP=NCC(C)O,5.7601976
CCCC1OCCC(OC)CCCCC1O,8.358845
CCCC1N[SH](O)C1SCCO,7.7090244
C=CCCC(C)C1=CCCCCCCC1,6.1096
CCCCN(CCN)CC(C)CCOC,7.4511967
C=CC1CCCC1CCCCO,6.8237066
CCCCC(CC)(CN)CO,8.251983
CCC(CC(C)CCl)PC,8.521459
C=C1NC1N=C=N,6.570743
O=C(O)C=CCC(O)=[SH]NS,3.0360248
C=C1CC2(CO)CC=C=C1C2,5.1238775
C=CC1(OO)C(O)=NC1OCC,5.541197
C=C(O)CCCC=CCCCCCCC,6.398943
CCC1CC1C=CC(C)S,6.184782
CCCCCC=CCCC=CCC=N,5.6881037
CCCSN=NC(OO)OC(C)C,5.8780613
C=CC1C=CC2=CC=CC1=C1C=C1CC(C)C2=C,2.9562593
CCCCC(CC(CCC)NC)OS,6.8689117
NCCC1CCCCCC=NCCC1,6.767389
CCC(OO)OOCCCCCNC,7.5582247
CCCC1(CCC)CCCSC1C,7.0088763
C=C1OOC([N+]([O-])(CC)CO)C1N,6.221017
CCC1=C(COC)C=CC=CC=C1C,4.031306
S=CS#CCCCCCCNCCS,4.4147687
CSCc1cccscc(C=N)s1,3.9682133
CCC(C)CCCC1=CCCC1C,6.79036
CCCCSC(CCCC)SCCOC,6.1347666
NCNC1CCC1CC(O)NN,7.641599
CCCC(CN)C1CC2CCC21,7.9720993
C=C(N)C(CC=N)SC,5.775142
CON1CNC(C)N(OCC(C)N)O1,7.2823153
CCCS(=O)C(N)CC(CN)CNN,6.1921663
CCNC(C)(C)CC,7.910282
N#CCCCC(CCCO)CCCCO,7.7373524
CC(C)(O)CCC(C)(O)CN,8.467627
CCCCCC(CCC)CC(CC)NC,7.747034
CC1CCCCC(C)(C)OCC1(C)C,8.639084
C#CC1CC1CCC(C)CCC(C)N,7.3631096
CCCC1NCOOCCNCC1(C)N,7.200775
CC(C)NC(C)C(C)(C)C,7.799919
CCCCCSC#CC1=NCCN(C)CCC1,5.1526484
CCCCC(C)CC(C)=C(C)CC,7.0945697
CCCC(C)(N)COC(O)C(=O)OC,7.7998466
CN(C)CC1CCO1,8.045415
C=CC1(N)CNC(C)CNO1,7.4359236
CCC(COC(C=O)COP)OC,6.8843846
CCNC1C(C)C(CC2CC2)C1F,7.8996634
COOCOCNC(C)C,8.618205
CC(CO)CNCN1CC(CC2NC2CO)C1,7.8209934
CCCC(COOC)SC(=O)OCC,5.9310207
C=C=C=C(CCCCC)N=CC,4.4792666
C[N]C1=C2SNC=CC=C2C=C1,3.6927185
C=NCCC1=C(C)CC(=S)C1CC,3.3838997
CCCCCNCCCC1C=CCCO1,7.2224236
[C]CC1CC(CC)C(OC)O1,7.2398405
CCC(CCCC(C)C)OOCO,8.882896
C=CC(N)N=S(N)SN=CSN,3.9299173
CCCC1=C=C2C=C1N=C2CC,3.3097715
C=C1CCCCCC(=CCC)CC1,6.4150796
CC(CC=O)=NCO[SH](N)O,4.5391073
CCCCCNCCCC(C)CC(C)N,7.609716
CC1CC(O)COC(=S=O)CS1,5.7134433
CC(CCCC=O)OO,6.516983
CC1=C(N)C(CN)=CC=C=C1,3.5247638
CCC=C(CCC=O)CN(C)NNCCCN,5.3052564
CCCOCCCC(C)C,8.994578
CCC1CC(C2CCNC=COC2C)N1,7.209175
CNC(=O)NC[C]N=O,3.670153
CCN(C)C1CCC1C1C[SH]2CCNCCC12,6.1218014
C=C(O)CC=NC1CC1CCNC(=CCCC)CC,5.719573
CCCSCP=CCC(C)C,5.672564
CC1=CC=CCC=CCC1=O,3.9548082
CC=CC=C1C=CN2C(CC)C(N)C(C)C2N1C,3.3200395
C=CCCCC(CC=C)C1CC=CCC1C,6.2960453
CCCCC(CC)CC#SCC,6.539234
CNSC1CCCC(C)CCOCC1,5.3305383
O=[SH]1=CC(C(O)COO)C1,4.5792475
CCC(O)C(C)OC(C)N,8.244557
CC1CCN(NCCCOC2CCC(Cl)C2)CC1,7.081595
CC1CCOCCCCC1CS,6.747738
CCCCCCCSCCCCC(C)CCCC,7.028121
CCCCOCCCCOC(C)(C)C,8.794064
CCC(=O)CNNCCCCNOC,6.1883755
CCCCOCN[PH](C)(CC)SN,7.2718067
CCN(C)CC(C)(N)C(C)NC,7.3462634
CCCC1C(O)P(CCC)C1CCC,8.853529
CC1=CCCCCC(C)C1,6.8398867
CCC(C)COCC(CO)C1CC1C,8.673284
CC1OC(CCN)CC1=O,7.2192926
CNCC(N)CC1CC(C)C1C,7.796969
CC=C1CSC=NC(C)C1C,5.3732476
C=C1CC=C2C=C(CC)C=C1S2,3.7415366
CCC(O)C1=CN=CN=C(C)CCCC(C)=C1,3.7868955
C#CN(CCCCCC)CN1CCCNN1,7.0082874
CCCCC1=CC=CC=C(C(C)=C=O)C1,3.2692072
CCN1C(N)CCCC1C1=CS1,5.5941277
C=CCCCCCCCC1CCCCC1,7.3834853
CCCCCCCCC1CCC1C,9.688847
CCSCCCCCCC(S)OC1=CC=N1,4.3786955
C#CSOC[SH]=C(C)C=C(OC)OCC,3.2906728
C=CCOC1C=CCC(CO)C(=CCCCO)N=CCNC1,3.9741554
CCC=CN1CC=CC(C)(CCC)CC1,5.544079
CC1CCCCCNC(C)NCCOC1,7.6304965
CNCC1CCCNC1C1CC1,7.6188254
CCSC1(C=N)CN1C=N,5.486251
CCCC1(C=COO)CC1OO,6.3181553
CC#CC(CCC)C(O)=CCN,6.393767
CCCCNCCCCC(C)CCNCC,7.3818583
C=C(CC)OCC(O)ONC=O,6.919246
CCCCN(CC)COOOOC1CC1,7.4500933
CCC(C(C)=O)C(C)CCOC,6.4066205
CCC(=CC[SH](C)SS)CCCCCS,3.2834888
CC(C)CCC(O)CC=C1CC(C)C1,6.761851
CCCC1CC1SC1CC(OO)C1O,7.245627
CNC1CC(C)C(CCCN(O)C=N)O1,7.087722
CCC1CCCCCCC1(C)COC,8.8744755
CCNC(O)(CC)CCSCC,7.465727
CC1CC(CN)=COOCC(O)C1,6.1287103
CCC(C)CCNCC=C(N)CO,7.2021194
CCCC(N)N=CC(C)(O)CN,6.786544
CCC1CO[S]=[SH]CCSC1,3.9368284
COC1=CC(=S)C=C2C=NC=CC(=C2)O1,2.7851937
CN1CCCC(=N)[SH]1SN,4.3784356
CCC[P]C(CCCC(C)CC)OO,6.022118
C#CCNCC#CC=NCCCC,5.6619983
CCC(CO)C(CN(C)COO)OC,8.098008
CCCCNC(C)CC(C)C,8.231843
CCC(CCCP)OC,7.3479586
CCCC1CCCCCCCC1,9.74364
CCC1(C)CCC(CN)OCCO1,7.8763757
CCOC(=N)CONC(CN)NC,7.157297
CCCC(CCC)(OC)OC(CC)CO,8.511287
NCC1CNCN(OCC2CCC2NO)C1,7.8062563
COCC(OO)C1CCC1(C)O,7.755286
CCCC(O)(CC)CCCC(C)C,8.831506
CC[SH](O)C(S)CSCC1CCCC(C)CC1,6.492858
CCOC(CCCCOC)CCCOCCOO,8.491231
CCC(C)CCCCC(C)CO,8.843884
CN(N)CC(CC=O)COO,5.660699
CCC=CCC=CCCC,6.490539
CON=C1C=C(CSSSCS)S1,3.097248
CCC(O)CCC=CCC1(OC)CC1C,7.0231843
CCCC1C=C[SH]=CC(=C(O)CC)COC1,3.6209092
CC1=C=CC=C(C)CCCPCC1OO,4.808263
C=NCC(CO)CCCCC1CC=C1OC,4.9459887
CCCC1=CC=NN=CCC=CC=C1CC,3.0148146
CCC(C)CCCC1C=C1COC,6.991635
SCC1CC1[SH]1CC1S,4.7119594
CCCCC=C=CC1=CCNCCN1C,4.923096
CCC1=CCOC(C)=CC=C1,4.724005
CC.CON1CCCCC1NN,7.7227807
CONCCC(CO)C(S)CSS,5.6308494
CCC1=CN=NCC(C)C(O)C1C,4.928349
CC(C)SP(C)NOO,5.9050465
CCCC(NNCO)OCC,8.153906
CC1CCCNCC1C1CCC1CCCCN,7.094446
CCC(C)(C)CC(C)C1C(O)OC1(C)C,8.623964
CCCCCCCCOCCC(C)=O,6.4028306
CCC(C)CCC(C)CC(C)CCCCN,7.9075875
C=CC(=C)CCC(=O)SCSSCCC,3.744489
CCCCC1CC2C(=N)NC12,6.684828
COC(O)(CO)NC(O)OCC1CC1,8.5700245
CCCCCCCCCCCC(C)CCC,10.199093
CC1CCC(OCCCN)=[SH]CCOS1,6.1867476
CC1(N)C(C=S)CC1OO,4.6102004
CC1CC2CCCC(C1)C(C)C2,9.350621
CCCCCC12C=NC=CC=C1OCC(CC)C2N,4.0189753
C=C(C)C(CCC)CCC(C)SCO,6.6343346
CCC(C)C1C=C(C)CCC1,6.977648
CN=C(C)C1=NC(C)(C)NS1,4.8086514
C=CC(C)CCCC(C)CCC,7.4963274
C=C(C)N=CCC(C=O)CC(O)CO,5.0254197
CC1CCCCCNCC(C)CCCC1,7.7011547
CCC1CCCCC(O)CC1(CO)C(C)CO,8.587042
CCCC=CC1CCC1C(O)CCC,6.5088005
CCSC(CCCCN(C)CC)CC(C)C,6.5780525
CCCCCCOC(CC(C)F)OS,7.3802757
CCCCCCC1CC(C)SCC1(C)C,7.342745
CCCCN1CCC(=N)C1,6.9771433
CCCCCC=CNOC1CCCCC1O,6.3820963
CCC(C)(NCCC=N)N(C)O,6.786005
CCC1C(CCCOS)C1NCCOC,6.6944313
C=CCCC(C)OC1=CC=C(C)CN1,5.0540237
CC(C)CCC1C=CCC1=O,5.7174516
CCC1CCCCC(CC)C1,9.648677
NCC1CC1C#CCCSCCNCCS,5.1267214
C#CC1CCC=C(OC)CCCC1N,6.001486
CCNCC(N)CC(C)F,7.3324976
C#CCSCC=NC(C)CCCCC,5.297047
CCCCCC(C)C(O)OCN(C)N,8.03621
CCCC#COC(CCO)CCCCC,7.8843384
C.N=CC1ONC(N)C1CC=O,5.473046
CCCCN=C1CSCCCCC1S,5.686795
C=C(CCC)NSCCSC=S,4.7837343
CCCC(=CCO)C(C)C,6.8497157
CC(C)NCNOC1C=CNCCNO1,6.68062
CCCSCC(=S)C=CSC,2.7241867
CCC1=C2CCCCCC(C1)C2,6.5697875
CSCSCCC(=O)O,6.032502
CC(CCC=O)C1C=CC=CCCCCC1,5.6870313
C=CC(C=C(C)CC)CCCN,6.3321233
CCC(C)COCCC(C)C,8.9424
CCC(C)C1CC=CCCCNCC1C,6.52059
CCC1(C)OC2CCC2C1CC(C)O,8.296365
CCC(CO)C(C)N(CCOC)ON,8.0304
C=C1CC=NC(CC=NCN)=CC1,4.543038
C=C(CCC1CC=CC=CC=CC=CC1)OC,3.8636703
CCCC1N[N+]1([O-])CC,5.6975927
CCC1CCCCC1CC1C=CCN=C1,5.212013
COCC1CCCNCC(CCC=NO)C1,6.9948783
CCN1SC(CC(C)COCCCCN)C1C,6.755449
COCC1=C(CN=C=O)C=CC=CC2=C1[C]2,2.604127
CCNCCCCCCSOC,6.5156007
CCC=CCCC=CC=C(CC)CCO,4.5285077
CCCC(C)CO,8.81974
CCCCCOC=C(CC)CCC,7.1221557
CCN(CO)CCNCCCCCO,7.56304
C=CCC1CCCCCC1CCCO,6.9678054
C=C(C)CCCCCC1C(C)N1C,7.3561068
NC(C=CC=O)CCCC=O,4.6555414
CC1=C=C2C=CCCCCCCC(C1)C2C,5.39234
CCC1OC2CCCSC1C(C)C(C)CS2,6.5058446
CC(C=CN(N)O)=CCCN,5.2118983
CC(C)N1CCCN1CCNCCCN,7.320686
CCCCC(O)CNCC(C)(C)N,7.7488956
CCC1CCC(CC)C(C2(NNN)COC2)C1,7.977895
CCCCCC=CC(N)C1CC1CO,6.641031
CCC(=O)C(COC(C)ON)NO,6.742898
C=C(CSC)C(CC)COCO,5.4719453
OCC1(C2CCCCC2)CCO1,8.717583
C=CCNOCC(C)OCCC(CO)CCCC,6.974082
CC(=O)NCNC1COCC(C)(C)C1C,6.5395617
CC1=CC2CCCCCCC(CCC2)CC1C,7.11123
CNC(NN)C(C)CC1CC1CC(C)N,6.859646
CCOC(N)CCC(C)C(C)CC(C)C,7.861568
CCCC1CCC=CCCCCC1C,7.081602
CNC(=O)C(CC(C)O)OO,6.5275135
CC(C)CC(CCO)=C(C=O)CO,5.4908876
CC(C)CCOCC1CN=CCNC1,7.1567826
CCCCN1CCCC(C)CC1CC,7.3146777
CN(CC(=O)O)C(CN)CNCCCN,7.169237
CC(C)NC[PH]1(OO)CCCOO1,6.624726
CC1(C)C2CCCCCCCC23CC13,8.353246
CC(=O)OCCC=CC=CC1CC1,5.255968
CC(N=C(O)C=CCO)C(O)CO,5.9034977
CC[SH]1COC(C=O)OCC(CN)C1,5.131826
Cc1ccccc1C1NCC1N,5.6682043
CC1CC(=C=N)SC=[SH]CN1N,4.2154965
CCCC=CCCCC(=O)CCCCC,5.6667166
C=CCCOC=CNCCC1C=CCC1,6.1150017
CCCCCCOCC1CCCC1CCCCC,8.934897
C=CCC1C(CO)C1OCC,7.0545874
CCCOC(=O)CCCSCC1CC1,6.405325
CCCCC1C=CC1=CC=CNC,3.5609424
C=C[SH]=C1CCCCN=C1C,4.110245
CC(=O)C1COCCC1C=N,5.4430933
SC1=CC2C(NC2SC2CC2)SN1,4.654399
CC1=C(C=O)C=NC=NC=CC=CC=C1,2.539707
CSCCCNC=CCC=CC=CCN,4.266186
CC[SH](O)C=O,5.2530584
CCCC1NC(C=S)C1CC,5.109093
CCCCCSCNN=CCCCSCCS,5.635232
CC(N)CC=CSCC=O,4.7057076
CCCONC(CO)CC(C)C(CC)CC,8.204511
CNCCC(CCCCF)C(C)CO,7.6610203
CCCC(C)(C)C1CC(CC)CCO1,9.072673
CCCCC(C)CCC(CC)CCCC,9.916361
CCCC(C)NCCC(C)COCC,7.9061313
CCC(CNN)CSN=NC1=C2C(N)=CC=C2CN=C1,3.41969
COC1=CCOC=CCC(C)OOCC1,6.103662
C#CC1=CC(C)CN1CC=N,5.4137673
CCN1CC=CC=C(N)C1,4.8283744
CCC1(OCCCO)CCCC(=O)CC1O,6.4330487
CCCCC1C(C)CCCNOC1CN,7.486335
CCC1CCC(C)CCC(N)CCCN1,7.3434825
CCCCC=[SH]c1cnccc1SO,2.567861
N=C1CSCS[CH]C=NC=CNN1,3.4397
CC1=NCCCCC(C)C=CCCCC1N,4.904118
CCC(CO)CCC1CCC1,8.865973
CN(CCOO)C(CCO)NOO,6.89402
CCC1(C)NSC1OC,6.7031813
CCC(OC)C(O)(O)CO,8.657734
CNC(CCOC)C(O)SC,6.8652205
CCCCC1=CCC(C)=C1CC,4.9874125
CCCCC=NCC(N)(CC)SC=N,4.97553
CC(CCOO)CC1C=CCCSC1,6.151728
CCCC.CCCOCCCCCC1N=CCC1CC,7.018877
CCC1CCCCC=CC1=NC,4.829862
CN1CC2CCCCC1COC2,7.473317
CC(=S)N=CCCS,4.024395
CCSCNC(=S)CS,3.7479525
CCCCCC(CCCCC)OCCC,9.014257
CCC(CCCCCCO)COOC(C)CC,8.423472
CCP(=O)(CO)C(C)CSC,6.32962
CC(CO)CCCCC(C)CCCCO,8.552239
CN(CCOO)C[PH](C)=O,6.8404393
CCC(O)ONCC(N)OC,8.07427
CCCC(O)C=C(C)CCCO,6.485034
CC1=CC=NC2=CC=CN=CC=CC=C1C=CC2,2.3065143
C=C=CC(C)OC(C)COC,6.6591578
C.COC1=CC=NC1=C=C=S,2.951333
C=NCC#CSC(CC)CCCCNC,5.373238
CN1C=CCCC(=S)C2SC2NCCN1C,4.7452655
CN1CC1CCC1C=CC=CC=CC1,4.7640047
CN1CCCC=CCC1C1C=CC1,5.6806097
NNC1=C=CC(CCS)=CC=C1,3.7291143
CCC1CCCNCC[SH]1C(C)=O,6.5842123
CN1NC(=S)C=C=CC1=S,2.6842358
CC(C=O)C=CC(C)C1=CO1,5.185586
NC(C=O)CNCCO,7.06014
CCOCCNCCCCC=C1C=CN1,4.813054
CC1CC(CCCCCC2CN2C)C=COC(C)C1,7.067179
CC1CCC(C)(C=N)C1CSO,5.4780874
C[N]C1(SOC)C=CC1,4.9304047
CC1C=NC(C)C(N)C=CCCC1,6.145838
CCNC1CCCC=CC1CC=CN,5.5642405
CNC(C=CCC=CC(N)=O)CN,4.7667866
CCC1C=C(C)CCCC1C,6.903304
CCCCC1C=CCCCCCC1CC,6.7528586
C=CCSC1=CC=CC=C(C=C)C1=C,3.172168
CCN1C=CC(C)C(COC)ON1,6.928295
CCCCC(C)OC1ONN(C)C1C,8.258579
CCCCC1ONC(C)C(=O)C1O,6.65081
CCC(NC)NCCC1CCCCCCNCC1,7.548169
CCC1C=NOCCC(C)CC(C)CO1,6.5029874
C=C1CC(N)(CCC)C1C,6.7257714
CCCCNC(CCC(C)C)OC,7.928703
CSCCCC1CCSCCCOC(C)C1,6.4954553
CC(C(CN)C1CN(C)C(N)N(C)N1)C1CN1C,7.0095367
CC[SH](CO)C(CSC)C(C)O,5.4652505
CN1CC2C(C1)C1(C)CCOCCC(=O)C21,6.6410556
C=C=CC(=O)C1OC(CO)C1C,5.3469353
O=C1C=CC=CC1OSCCOO,3.1761754
CCC(N)CCC(N)COC(C)NC,7.6631937
CCC(O)OOCC(C)COCCO,7.9348755
C=CCC(CC)CCCCC,7.3175635
CCN(C)CSCC1C=COC1,5.983019
CCC(C)=CCC(C=O)C=S,3.7148273
C=C(CO)C1CCC1CC1CCCC1,7.3922744
C1=COc2ccccc2C=C1,3.6924767
CCCC1COC(CCC)OC(C)C1,8.817929
NC[SH](C=NOCCO)NC(=O)S,4.0767856
CCCNCNCSCC(C)C,6.265925
C[C]1N(C)CN1CC=C1C=N[N]CCN=N1,3.2083564
C1=CCNC1,6.2234745
C=CC1C=CCCCCCC=CC1=N,5.343863
COCCN(CCOC)OO,7.8179846
CCCC1NCCCCC(O)=NCC1C,6.809619
CCCCC1CCCNCC1CC,7.981942
C=C=CSCCC1CSCCCCCC1CS,4.3296084
NCCC=NNNCCCCNCC=O,4.618563
CCC(C)COOC(C)=C=O,5.995398
CC=C1SCCC(=O)OC1=O,6.2098827
C=CCC1CCCCCCC12CCCC2,6.5657496
CCCC(O)[PH](C)=S,4.4937124
CCCCCNCCCCCCCNCCOOC,7.590113
CCC(COCCS)C(NC)OCN,7.558285
NCC1CCC=CC=CCCSCS1,4.3472304
CC1CCCCNC(NSC=NCCCO)C1,6.897258
CCCCC(CC)OC,8.900141
CC1CC1=CC=C=CCNO,4.5621195
CC=C=CC1CCC(SC)=NN1,4.157157
CCC(CN)CCC(C)C1CC1CC,7.9931583
CC(C)CN(C)C(C)SC(C)CS,6.0725904
CCC1=CCCCC(CC)C1O,6.7189207
CC(C)CCNC1CNCCCN1,7.5303082
CCCCNCC1CC(C)C1CC,7.5272126
CCCC(C)CCCCCCCCCOCC,8.964997
CCCCCCC1=CCC=C1CCC,5.305672
CCNCC1CC(=O)SC1C,5.7553816
CCCC(O)COC1OCCC1OC,8.629286
C=CC(C)CC(C)C,7.418624
CCCONCCCC(CC)N(O)CC,7.592638
CC1SC(Cl)N1SSCSCCC=O,4.9551783
CCNC(N)CCCCC(C)CC,7.949811
CC#CCCCCCCC,8.2721615
CCSC(=O)[SH](S)C=CC1CS1,3.8797872
C=CC(CO)CC1CCCN=CSC1CC,5.2535024
CSCC1=NN=CCCN=C1C,3.1969795
C.C=C(C)C=CC(CC)C(C)CC,5.0956182
C=C1C=CCCC1C,5.842642
C=C(C)C1=C(N)C=CC(CC)CO1,5.68365
COCC=CC1=S(C)CC1CSS,3.435858
NC1=NCCCCCCNN=CNC1,6.178818
CC=CC(O)NCCC,7.3002768
CCCCC(CCCC)C1CC1N,8.330648
CCCN(N)NSCSCC(C)=CCCN,6.0149074
COCCCC=CC=C1CCC1C(C)COO,4.643574
CCCC(C(O)NCCN=N)N(CC)CC,7.0895634
CNC1C(C2CCC2)[SH]1N=O,4.3949423
CCC(C)C1NCCC1CCl,7.351145
CN=CCNC1(C)C=CCC(C)NCCN1,5.3130603
C[N+]1([O-])C=CC=CC1,4.010034
CN1CCCC2CCCC(CN)OC(CCC2)NC1,8.030926
CCC1(C)OCCC1OCCF,8.759962
CC1CC(N)OS(=O)N1C(O)OO,7.6081824
C#CP(CCO)SC=N,6.2333612
CCC1CC[SH](OS)CNCC1C(C)CO,5.8867116
CCCN(CCN)C(C)N1NC1N,7.439168
OCC1CNNNC2NOC12,7.4605947
COCCC=CC1(C)C2CCCC1O2,6.4493647
CCC1=C=CCC1C,6.504795
CC[SH](CC)OCC1CNCO1,6.5676627
CC(CCCCCO)CCCN(C)O,8.303253
C=C(C)[C](N)NCCn1[nH][nH]1,6.2069645
C=C(CC)CCCCCCCCC,7.557159
CCC(CC)NC(CO)CC(C)CO,7.898658
CCC(C)CCCC(=N)N(C)CC(C)CC,6.8072433
C=C(C)CCOCCCC(CC)CC(C)CC(C)CO,7.3391404
C=CC(CC)CC(CC)C1CCC1,7.182611
CC[SH]=C1CSCC(Cl)CN(C)CS1,3.7410603
CCCCCCC=NC,6.552604
CC1CC[C]CC(C#N)CC(C)C1,6.5787354
CCCCC(CC1=CCC1OC)SCN(NC)C(C)=N,4.8798385
C=C1CCCC(CCC)C=CC1C,6.386858
CC1CCNCC=CC1N=CSS,5.023313
N=C1[C]=C(OO)CO1,4.1082125
CCN(C)CCC=CSC=CNO,4.286821
CC=CCCCCCOC=N,6.590551
C=C1CCC(C)CC(SCO)NP[SH]1CCN,5.2270675
C=C=NC(CC)CS,5.7807264
CCCCCNCCC1CC1C1C=CO1,6.7859335
CCCC1CC[SH]=C(C)C1CO,4.166078
CCC(N)CCN[SH](C)CC,6.895376
CCCC(C)OCPNCC(O)CC,7.831331
CCOC(CCCO)CCCC(C)C,8.865594
CCCCN[PH](=O)C(N)CCCCCCCCO,6.0140934
CC(CCO)NCCOC(C)CO,8.487693
CCCOOCCNCCC(C)C(O)OC,8.164107
CCCC1CCC1(F)CCCC#N,8.792345
CCCCC1=CCCN2CNCC2CC1,4.950388
CCCCSC(CC)NO,6.8972306
CCCC(C)OCCCCCCC(C)C,8.898707
CON1C(C)CCCOC1C,8.525734
NNN1NCS[N]SN1,5.2729053
CCCCC(CC)COC1NCC1C,7.985952
C=C(C)CCC1CC1C1CC1,7.983706
CCC1C=CC(C)=CCC(CC)CC1,5.308196
CC1=CCC=CC(=O)C=CCOCC1,4.249168
C=NC(=CC(=C)C)CCCSC,3.6046736
CC1(C)COCC(O)C=CC1S,6.2956057
CC=CC1CC2CCC(CC(O)CN(N)C1)C2,6.799563
CNC(O)(O)C1CN1CCC(C)F,8.116901
CCC(C)(C)C1CCOC1,8.831382
CC1CCCCCCOC(C)C1(C)C,8.742836
C=CC1=C=C1C,5.447357
C=CC1=COCCC(N)CC1=C,5.3101993
C=C1CCCCCC1CC1COC1CC,7.5287933
C=C(C)CN=CC(C=N)CC,4.967161
CNC1=CCC=CC=CC(C)C1,3.8851104
CC1(CCC2CSCCSS2)CC1,6.222547
CC=CCCCCC1CC=CC=CC1,4.8734717
C=C(CO)C[SH]=C1C(C)C1CC(C)OC,4.6323857
C=C(CC#CCS)CCCCCCCl,4.919768
CN1CCCCCC2C(S)=C2CCCC1,4.8241086
N#CCNC1CNCCCCC12CO2,7.265934
CC1CC(CO)CCCN=CC1CCO,6.4975705
CCC(CO)CC1C(O)CCC1NCCCS,6.108366
CCOC(=O)N(CC)N=CC=CCO,6.1735487
CCC(O)CCC1CCCSCCSCC1C,6.392562
C=CCNC(SCCN)SCN=CN,5.9103904
C=CC1=C(C)OOC=C1,4.2792597
C=CCC1=CC(CCN)(C(=C)N)C1O,5.0805564
CCCCCCC1C(C)CC1CCNCCCO,7.957059
CCCCCCOC(C)=O,7.4347386
CCCCC(C)=CCCCCON,6.8252654
CCCC1(C)CC(C)C(CC)C1,9.077107
COC1CC(F)C(C(CCF)OC)C1,9.142199
CCCCCPN(CC(C)CCCCC)OO,7.53988
CCCNNCC(CC=O)CNC,6.2871046
C#CCC(CC)C(C)CC(C)O,8.096965
CCCCCOCOCC(C)CC,9.227827
CC(=O)ONC1CCCCCCCC1C,7.1743402
CCCCCCSCSCC(C)CC,6.3958845
NCCC1CCCCCCCC(F)NNC1,7.526027
C=C1C=CC=CSSC=CC=C1,3.2192678
ON1CN=CN2C=CC2=N1,4.1285014
COCCCNCCCC=C1C=CCC1,5.1168537
O[C]CSCC=C(O)OS,4.7955904
CCC1CCCOC(CSC(=O)O)C1=O,6.0189614
CCN1NCC=C(C)CCC1N,6.28156
[CH]CC=CCN1C=CC=CS1,3.0464633
CCC=CC1CCCCC(C)C1=O,5.5317254
[CH]CCC=CC(O)CC1CC1,3.7302172
C=CCCC1CN(C)C1(C)C,6.708459
C=CCSC=CC(C)CN=CCS,5.970385
CCCCCCNNCOCCCOC=N,7.3453627
CNNC(CCCSCC(=O)O)C1=CCOC=C1,4.229534
CCCCC(CC1=C=C=C1)C(=O)O,4.7230062
C=CC=CCCCCC1(C)CO1,6.3573923
CCCCC(CO)NCOCC(C)CO,8.150358
CNCC[N]OCCOC(C)=O,6.6092153
C=C1CC=NC(OC(CO)C(CC)OO)CC1=O,5.149035
CC1CCC2=CCCOCC21,6.435374
CCCCC=CNCCCN,6.52527
CSC(=O)CC1=CC=CC=CC(Cl)=C1,3.8246133
CN=C(O)NC1=NN(CO)OCC1,6.5996222
C=C1C#CCN(C)CCCN1,5.8783097
C=CC(N)(CC(C)(C)C)OC1CCC(C)N1,6.5450177
CCCCCC(C)[CH]NCCCN,7.0565047
CC1C2CNCC2CCC1(C)OCN=O,6.0760255
CCCC=CCC=[SH]CCS,3.9253173
CC(CO)CCC1CCCOCC2C1C2(C)O,8.694437
CC(CC=N)CN(C)C[SH](C)(=O)O,6.253106
CCC1CCCC=CCC#S1,5.6971807
N=C(C=CNCCC=O)CN,4.508034
CCCC(O)COC1CC1COC,8.990587
COC1=CCC=CCNCCC1,6.0150905
C=C1C=NC=CC(SCC=NS)=C(C)CN1,3.2061403
CCCCCCC(C)OC(N)CCOO,8.061295
CNCC1N[C]CC(P)N1,6.873712
C=CON(O)CCNSCC,6.0834413
C=C1C=C(S2=CCCCCC2)C1C,4.075377
CCC=C1C(C)CCCC1CCCC,6.6609945
C=CC1CCC(O)C1C,7.3423195
CSCCC#CSC(C)C(C)CN,6.0924654
CC=CCCCCCOCC=CCCC(C)=O,5.994472
C=C(O)CONCC=CCC(C)OC,6.69152
CC(C)=NCCC(CO)N=CC=CCCO,5.4341173
CCCCCC[SH](C)C(O)CN,6.61976
CC1=CCC(C)CC(F)CC1N,6.199332
COCC1(CCN)CCC1C,8.062471
CCCCCCCCCCC(C)CNOO,7.4992867
CCCCCC(CCSNCC)COC,6.960295
N=C(S)NCC1CNC=CCC1=N,5.2422395
CCNCNN1CC1CC,7.5854883
CCCC(=O)CC(C)OC(CCCO)NCC(C)OCC,7.7348347
C=CC(C)=CCC1OC1=C,5.0367374
CCCCC=C1C=C(C(C)CC)CC1,5.2392473
CP1C2NCC(CO)C1OO2,7.6479917
COCCC(C)C(C)C,8.733906
CCOCC1CCCCC=CC(Cl)C1,6.6474156
CC=C(C=CN(C)CO)OC(C)C,6.075732
CCC1CCCC(C)(CCCCN)N(OO)C1,8.457948
CCCCC#CCCC(C)CCC,7.904233
CCCC(C)CSS(C)(C)O,6.2339897
CCC1CC(C2(C)CCCCC2)C1C,9.080987
CSC1=CCCCC1C1CCCN1,5.4517617
C=C1C=CC(C2(C)CC2CC)=CC=C2CC=C12,3.1065814
C=C1CCNCCNC1=CCC,5.529927
C#CCCCC(CC)CC1CC(CC)C(C=C)CN1,6.298765
COCC1CC(CCN)C(C)CCC1C#N,6.961961
COCC=CCC1OCCC(=O)CC1=O,5.50587
OCCC1C=CCC(O)C=NC1,6.018447
NOCC1CCNCC=CCCCC1O,6.2929096
C=C(CC)SC(C=S)CS,3.8616679
C=C(C)OC1=CCCC(C)CCCC1,6.486723
C=C(C)NCSC1=NCC(=N)C(CC)C1,5.48345
CN(C)C1=CC=CSSC=CNCCSNS1,3.8519754
C=CCC1CCCCCCCCCCCC1,7.1102962
CC(C)C(CCCNN)CN1CCC1,7.687905
CCCOCCC(C)NCCOCC(C)C,8.20075
NN1CCON2OC2[N]1,7.250886
CNOC(C)CCOC,8.267544
CCCCC=CC(C)=NPOS,4.226929
CC1OC[SH]=CCC1CN,5.033933
CCOCCC[SH](=O)=CCCCCS,3.5008032
O=CCCC1CSS(=O)N1,5.8315983
CCC1(O)CC1C(C)C1NCC=NCCCN1,6.78021
COCC(N)C1CCC12CC2C,8.161584
CCCCC[SH](CO)NN(C)CNC,6.578853
CCCN(C)C1C(C)CC1N,7.747533
C=CC1=CCCC2CN=C2C1CO,4.6876445
CCC[PH](CC)(CCCO)CC(O)O,7.1623535
C=CCCC(CCCC)C(C)CN,7.2441816
CCCC1NCCCCCCNCCCO1,7.317454
CCC#CN(C)CCCC,6.9865537
C=C(CN)CCC1CCCC1O,6.396649
CC(N)CON(CNNS)NOCCCS,6.711816
CC1C(O)=CC(O)NCCCC2=NNCC21,5.7172384
CCCCCC[SH]1C(C)CC(C)C1CN,6.140492
C=CCC1CCCC(S)N1,6.712655
N#CCNCCNCC(CN=C=CO)NO,6.5010552
C=C(CCCC)CON(C)CCCCCC,6.9506316
CCCCCCCCC1CC1CCCC,9.360382
CO[N+]1([O-])CCCC1C=O,6.072889
CCOCC(O)CN=COC1=NC1NS,4.464722
CCCCOCC1CCCCC1CCCCO,8.414252
CCCN(O)CCC(COCOO)C(C)N,7.399319
CCN1CCCSCOCC1,6.3162475
C=C1CC(CC)C2CN(C)C(CCN)C2OCC1CC,6.1262007
CCCNSNC(=N)C(=O)C(O)ONOO,4.3976674
C#CC1(C#N)C=CC(C)C1,6.265938
CC1C=CC=COC(C)C1,5.1718364
C=NC(CO)CC(=O)O,5.8578467
C=C1C=CC=C(C)CCC1,4.6122065
COCC1=CC=CC=CCCCN1,4.034398
CC(CO)CC(C)C1CN1,8.185798
CCOC(C)(C)OC(C)CCON,8.286401
CCSPS(O)(O)PN=O,5.380946
CCOCCCCC1CCCN1C=NC,6.965126
CC1CC=CCCCCCSCCCC1,6.3871574
CNCC1C=CC(OO)C1,6.458374
CCC=CCCCCCCCCO,6.573575
CSC(=S)OCC1CCCCCC1,5.446295
CCCCNCNC(=O)COCC(C)C,6.70037
CCC1CCCCCC(C)CCCC1,9.713966
CCCCCCC(CCC)CCNO,7.9528847
CCCC(COC)C(C)NCCCON,7.8383474
CC1CCCCC(C)C1,9.828022
COC(O)NC[C]1C=CCC1,5.9085555
CN1CC=C=CC1,6.734252
C=c1cc(O)c2cccc1cocc2,4.1085143
CCCCCCCCOCCCC(O)CO,8.74242
CC1=CCCCCCC1C,6.8443255
CSCCCCC(=O)CC=CCCCS,4.171091
CN1CCC=C=CC1CS,5.310694
CCC1CCC(CO)CCSC1,6.5649843
CCCCC=NNCCC(C)CNC,6.5474916
C=C(C)CCCOC=CCC1CC1,6.1703277
CCCCNNC(=O)OC1=C(O)C1CCC,7.4864707
CCCCCC1CCCC1(N)C(C)CC,7.930197
CC12CCC(O)CCCCC1C2,8.602376
C=C1C[SH](C)C(S)C(C)C1C,4.5435777
CCCCC(CO)C1ONCCC(C#N)C1C,7.929428
CCC1NC(C)(OC)C2C(CS)C12,7.246739
C=CCC[SH](O)C(=C)S,5.1325607
C#CC(O)NCCC(C)CCCNNCCC,7.1057076
CCCCCCC(CCC)CCCC1(C)CC1,9.360516
CCC(C)SC(=S)SCC(O)SC,3.8325732
CCCOCP(C)[SH](C)CC(C)=O,5.3986177
COC(C)[SH](C)CCCCC(C)CO,6.569328
CC1=CC=COC=CC=CC(O)=C1,3.632061
C=C1CCC2C=C(CCC)NN2C1,5.42515
CCOC(=CCCOPCCO)CCOC,6.5277243
CCCC=CCCCCCCNN(O)CS,6.0558414
C.CCCC(=N)O,7.3699527
CN1CC(CCSO)CNNCS1,6.161954
CCCC1C=CC1(C)CC(C)N,6.3777223
C=NC(=N)N.CC,6.5993314
CCC=C1CC(CC)C1C,7.040932
CC1CC=CC(C)(C=O)C1,5.495972
CN1C=CC=NC=CC(O)=NC=C1,2.4236286
CNNC1CC(C)CCCCC=C=CSS1,4.411821
CC1CC(F)CC1CCC1CC1CCCC=O,6.3086114
CCOC1COCCCC1OC(C)OO,8.558125
CCC(C)OOC(C=NCN)CN,6.7037096
CCC(C)=CCCCCO,6.57465
CCCCC=NC(CS)C(C)C,6.1663394
CCCCC(N)SNCCN=C(C)CC,5.687132
CC(O)[N+]([O-])(CO)COO,8.318814
CC(CNN(C)C#N)NCCCN(C)N,6.6035085
CCCCC(C)CC(F)CC(C)CC,9.767848
CCC(CC)OCCCCCC=CCO,7.2951183
CCC(N)NCC(CN)CCC(C)(C)O,6.748017
CCCC(N)NC(C)C(C)=O,6.4464507
CCCC[SH](CC)CSCCCSCC(C)C,5.802302
CCC1CCCC2C=CC(OC)NNCC(CC1)OC2,6.509026
CCC(C)=CC=C1COC1CC,5.1694446
NCCCCCC1=CC=C(O)C1,4.9070277
COC1C=C=C(C)C1C=N,5.1147346
COCC1=CN(CO)CCC1,6.4364448
CN1C=CCCOC=CC(C=O)N1,4.894118
CSC1CCCC#CCCCC1=O,4.7870193
CC1=CC=CC=CCC=CC=CC=CCC1,3.843695
CCC(COO)NCCCCCC(C)OC,8.191022
CCC(=O)CC(CC)CC#CCC(C)NN,6.247799
C=CC=CCCCC,5.986944
CCCC1C(CN)CCONOCN1C,7.756838
C#CCC(F)C1CC(CC)NCCCCC1C,7.4907446
CCCC1CCCCCC1C(N)NCCCC1CO1,7.916158
CC(C)=C1CCCCC(C)N1,6.5418386
C=C(OCCC)C(C)CCCCC,7.088327
CN1CCOC1NNC1CCCNN1,7.413808
CNCC(CCCNN)NCOC,7.8756576
CCOP(O)OCCCNOC(C)=N,8.190409
C#CC(C)NC(C)CCC,6.9729176
CCCC1CCC=CC1C(O)CSS,4.3369417
CCCC1=CCC=C(COC)C=C=C1,4.2016516
CON1C=CC=CC1CCC=N,4.3272476
C#CC1C=CCCC=CCC1,6.1710734
C=C(C=CC(CS)N=O)S(=O)CC,2.6863873
CC1CCCC(O)C12OC2C,8.169145
C=CC(C)(C=C=N)CCCCC,6.4896793
N=CCC1CNCN=C=NNC1,6.5525
CC1(C)CCCCCCCOCCC1,8.933347
N#CCNCCCCCNCCO,6.8200183
CCCCCC(N)NCCCN(C)CC,7.292579
CCC(C)(N)OCCC(C)=O,6.906575
CONP(O)C(N)N(C)O,6.834943
CCC1CC=CCS(=O)C2=C(O)N21,4.1101594
CCCCC=CCC1C=C(C)CC1,6.3831515
COCCCCCCC1CCNC1,7.8497496
CC1NSCCNCC=C1CCC=O,5.5851355
CCCCC1CC(COS)N1CC,7.157919
C=C(CC)CCCC=CC=[SH]CCCCCCO,4.049406
C=CC1CCC=CCC1=CC=N,3.9820478
CC=CCC1CC1=O,5.4752235
CC=CC=NC1CSC(=N)C1=O,2.9412968
CSC(S)C1CCC(CCCCCS)=N1,5.99038
O=C(O)N=CCCCCN1CC1,6.748882
C=CCC=CCOC(O)CC(=C)C,6.3774986
COCCC1NCC(O)CCC1CCCC(C)C,7.4053435
CCCC[SH](CSCC)CSC(O)CSCC,4.5923047
C=C1C=CC(COC(=O)NOO)=CN=C1,3.2613337
CC[N+]([O-])(CNCC(=N)N)N=C1CN1,4.621833
C[N]CNNCCSCSC(O)SOO,4.0946856
CC(CCCCCO)(CCCPOO)OO,8.836159
CCCCCCC1NOCCC1=CC#N,5.97403
CC(CCCCF)CC1CCCCC1C,9.471107
CCCC(O)C[SH](CO)C(C)(C)C,6.865949
CC(C)(C)CC1CCS1,6.8585987
CCCC(P)=CC(C)C1CCC1,6.7819643
CCCCCNN(CCO)CC(C)CC(N)O,7.147589
CC1CC1CCN(O)C(O)CC(C)(O)O,7.909102
CCCCC(C)CC(NO)C(C)=N,6.872238
CCC1CCONC2(CC)C=C1C(CC=O)COO2,5.895586
NCCCNCCOCC=CC1CCOC1,6.3046794
CC(=O)NCCCCCN=CCO,6.653125
CCC(C)CCCOCCCCC(C)CO,8.764757
O=CC1=CC=CN=CC=C1CCN1CNN1,2.4729393
C=CC(C)C1=CC(CCCC)CCCO1,6.0474916
C=C=C1C=CC1=C(C)C1CC1CCC,4.4217453
C[C]1C(=O)C12C=CC=CN=NC2,3.137349
C=C1C(CCNN)C2C(C)CCC12,6.0998526
CCCCCCC=C(C)CC(C)C,6.957734
C=CC(C)CCCC1(NSC(N)O)SCC1C,6.366422
C=C1CC2CC=C2CCC1COCCC,6.367366
C=CCC1=CC1CCCNCC,5.856011
CC1CCCC2CC2=C(CCCS)C1,5.811463
C=C(CP(C)P)OO,5.8722253
C=NCNCC(N)CC.CN,6.7183824
C=C1CCC(O)COC(O)=C(O)C1CC,6.3094707
COC(=N)CCOC=CC=O,5.7054987
CCCCC1=CC=CC=CCCCC1,4.173326
CC1CCCCCCC2CCCNC2CC1,7.666802
CCCC1=CC=CC[C]1,3.7184606
CNCC1CCCCCCCCSC1=N,6.2655993
N=Cc1csc(CO)c1,4.4945602
CCC1=NC=C1C1C=CC=CC2=CCN2C1,3.2669864
CC1C=C(O)C(O)(CSOO)C1,6.1985784
C=CCC1C(N)OCC(=C)C1C,6.4574537
N=C(O)N(O)COOCCCCNCCCN,7.4820313
CCCC1=CN=CC=C(N)C1C,3.3029635
O=CCCCC=CO,5.915836
C=C1C#CC1CCCCCCCC,6.1869445
CC#CC1C(=O)CP1OC,4.8327065
CCC1CCNC(=O)CCC1C,6.4764996
O=C([CH]CCOOCCS)NNNNO,5.3508744
C=C(CC)C1CC2CCC(C2)C1,7.2228007
CC1CC=CC=CC=C1CCNSCS,3.5224648
C=C(CSCCC)C(C)C=[SH]C,4.0822887
C1CCCCCCCCC1,9.640898
CCCCCC=CC(C)C(C)O,6.8812404
CCC1CC(C(C)C2C(C)CC2CN)C1,8.955417
CSCCCOOCC(C)C1CCCCO1,6.915304
CC[SH](CS)SC(C)C(C)CS,5.259961
CCSC(CC=CCCSC)C(N)NC,5.225233
C=COC(C=O)CC,6.0377584
CCN=CC[SH](COCC(C)CC)NNCO,5.128952
CC=CCC(C)(CO)OC,7.566145
CC(C)CNCOCCCSCC=O,5.883894
COC1CC(C)CN(C)CN(C)C1CNO,7.2384577
C=C1CC(C)CCCCN1CO,6.7052946
CNCCCC(=CO)CNCCCCN,6.543421
CCC1=CC=NN=NN=NN=CN=C1CC,2.6400027
CCC1=C(NCC(C)NNOC)CCC(C)C1,5.867771
CN(S)CCN1CC=CCS1,4.5314927
CC1CCNSCC[SH]1C[SH]1CSCNO1,4.511853
NCC1=NC(F)=CC=NNCC=CC1,2.9859884
CCC(C)PC(C)(C)COC(C)(O)CO,8.720515
COC(C)(O)OCOC(C)(O)O,8.817023
CCOCCCCCCCCC(C)OC,9.240282
CSC1CC1NCC=C(C)PCCCO,6.445266
CCCC1CCC1CCOCC(C)C,8.957594
C=C(CC)CCCC(C)CCCC,7.1645546
CCCCC(CCCNC)CN=C(CO)OOO,8.004323
CCCC1=C(CC)C(C)=CSS1,4.1024666
O=C1C=C2CNCNCCCOOC12,5.281367
CCC(=O)CCCC1CCCN1O,5.7862673
CC(=O)CNC(CC(C)NOO)ON,6.48189
NCCCCNCC(O)CN,7.7588205
C=CCNCNCCC,6.3549175
CC=C(S)OC(C#N)=CCS,4.839063
CCCC(CC)C(S)C(C)O,7.0815105
CCCCNCCCOCCC,8.1006365
CCSC1C(Cl)S1(=O)=O,6.2366333
CO.CPCSCCO,6.6554365
CCCC(N)=NOCCSCNNO,5.3158345
CCCCC=C1C(=NCC=CCN=NN)CC1O,3.986015
CCC(CC)CC=CC(O)COCO,6.6811347
COC1=CN=CCCC2=CC=CC2=NC=CC=C1,2.6825118
CSC1CNC(C)C(CO)CC=CN1,5.9382386
CCSC(C)CNOCC1CCC1,7.1298413
CC1CCC(=O)CC1=O,5.3311157
CCSCC=CCCCCCSC#N,4.618189
CCCC#CCCCCC=C(C)CC,6.7130013
CC=CC(C)CNC(N)COC,6.7050533
CCCCCC1CC(C)=C(C)N(N(N)N)SC1F,5.284825
CC(=O)C#CCOCC(O)C(=O)NCCOO,6.5360146
CC1CCCC(C)C(CO)C(O)C1,8.3322525
COC(O)CC(C)COC1CCCCC1,8.9377575
C=C(C)COCCCC1CC1(C)C,7.855054
CCCNCC(=CCC=CCOCC)CS,4.8602424
CCC1CCCCCC(C)C1,9.659979
CCCCCCCCC1CCC1O,8.87216
COCCCCCCCCOC,8.929474
CCCNNSNCCC,6.256282
C=CC=[SH]C1SCCOC1(C)CC=O,2.9739423
N=C1CCC2=C(N)C(C1)CC(N=O)C2,5.3438077
CSCSPCCNNSCC1CC1CS,4.513256
CCCCC(CC=CCCO)C1CC1C,6.674801
[C]=CCC(=O)OCCCC,3.504307
CCCCCC=CC(CC)CC,7.300224
CC1(C)C(=O)OC1C1C=NC1,6.097623
CCC1CCCNC2CCCC1C2,7.138125
CCC1CCC(C)C1=O,6.03885
CCCCCCC1CCCCN1OPC(C)P,7.907518
CCCCC1CNCCOCC1(C)C,7.75308
CCCC(O)C=CCCCC=O,5.724295
C[C]CCCCCCCS,6.281003
CCN(NO)C1CC=CC=[SH]CC1C,3.4728694
C=CCN=CCCCC,6.7883806
CCC1CCCCCC2NC2C(CC)C1,8.056325
S=C1CCCCNNC2=CCC=CC=C2CC1,3.588528
CC#CCCC1C(C)CCC1CO,7.8344007
CCC(O)CC=C1CC(C)CS1,5.8091288
CCNCOC1=NCC(C)OCCCC1CC,6.633369
NCC1COC1(S)ON,7.1251283
CNC1(CC(C)O)OCCC1N,8.066635
C#CCCC(CO)CCC(OC#N)C(C)C,8.423561
CCC1CC=CNNC1,5.942179
CC(C)Sc1cccc2ssc12,4.7227364
C=CC(C)CCCCC1CCCCO1,7.5947204
C=C1C2CC(N=CC2C)N1OC1CCC1,6.4645753
C=CC(CCCC)CCCC(O)CCO,7.4370503
CCC(C)CC1CCCNC1=NC(C)C,7.094474
CC1=CC(O)=CCCSCO1,4.602376
C=NCC1CCCCC(C)(C)C1,6.8061376
CN(CO)CCCCCCN1CC1,7.3592415
CCC1CC(OC)NC2CCC1C2,8.22927
CCCC(O)C(O)CO,8.389065
CCC(C)CCC(C)CC,9.68819
CCC1CCCC(C(O)CNC)CCC1CC,7.590361
CCC(C)CCCC(CCF)(COO)OO,8.470777
CCCC(CN)CCNCOCCC(C)C,7.849669
CCCCN(CC)C1OCCC1CC,7.6019473
CCC(C)CC(CC)NC(=O)O,8.173199
C=C1CCC(O)CCC1C(=N)O,6.6092515
CCCCCCC1(C)CNCCCC1CC,7.7769094
CCCC(O)CCC(C)F,8.935333
C=C(CC)CC(C)SCCC,6.2269726
C=C=C(CSCCCS)SC=S,3.565859
CCCC(CO)O[SH](CS)C(C)CO,7.0234265
NN1OC(OO)CNC1=O,6.0051155
C=NC1=CCN=CNCCCCCCC1,4.307774
C=C1C=CN=NC=CC2=CC3=CC2=NCCC=C1CCCC3O,2.6183915
CCC1C=CCCCCSSCC=C1S,4.995528
CNNC(CNN)CNNNN,7.350406
CCC(CO)[SH](C)CCO,6.2344112
CSC#CCCCCCCCC1C=C1,5.377365
CC1CCCCCCCC1CC1CCC1,9.555791
C.CC(C)=C1CCC=CCCCC1,5.77794
C=C(CCCCO)C(C)CC(C)CCC,7.6325483
CCOC1N=NC1=C1C=CS1,3.2572746
CCC1CCC=CCCC[SH](CC)CC1,6.1083817
CC=C(C)CC1C(=O)CCC1F,5.7115393
CCN1CC1CCC(N)CNNC,7.987781
COC1NCNC1CNCCCO,7.5970154
CCCC1C(C)N2C1CC1NCC(NN)C12,7.078333
C#CCCOC(=C)OC,7.261573
CCCN(C)C#CCOC,6.799047
CC(CNN)C(N)N(S)NNO,6.7203293
CSCC(C)(NCCCO)C(C)CN,7.268018
CCC=CCCC1CS1(C)C,6.5630684
CCC(C)OC1(CO)CC=CCC1,7.0805087
CCCCNC(C)CCO,7.9670744
CCCC1CCC1CCNNC1OC1CO,7.85296
C=CC(=C)C=CC(=O)COC,4.346718
CCCC1=CCC(C)C1C,6.9883513
CC1=CNCCC(CN)CC(C)O1,6.6521173
CCC(C)CN=C(C)C,6.8683853
CN=C(C=O)NC,5.76555
CC(S)=COCO,5.9724913
CCC(CCC=COCCCCOC)OC,7.2706933
N=C(N)COCC(N)O,7.3556876
C=C1SCC(N)C1S,5.9389863
COC1CC(O)OC(CO)C1,8.538029
CSCOCCC1COCCSOCCS1,6.280326
C=CC1(NN(C)C)CCCC1C,6.515236
CCC1CCCOCC1CCOC[PH](C)=O,7.555831
CCNNCC1CCCC(C)C1CC,7.397733
CNCN=C(N)C(O)CC=C(C)SN,3.7163594
C=CCNCC=NC=C(CC)NC,5.3336897
N=S1OCN=C2C=NC=CN=NC=CC=C21,2.8281975
CSCC1C(C2=[SH]CC2)C[SH]1C,3.64171
CCCCC(CC(C)C)OOC#CN,7.4637265
CC=C1CCC12C(C)SCP2O,5.2133107
CCC(C)CC1SPCC1CSC,5.744968
CCCNC(CCO)OCC,8.307166
C=CCC(CO)C(O)CN(CC)CN,6.6626277
CCCC1=CCC=CC(CCC)CC1,5.593364
CCC(NN)C1CC(N)CC1CC(C)C,6.873658
CC(CN)CC1CCCN(C)SNC1,6.409749
CCCC1CC(=O)C1CCN,5.709263
CC1CCCC1CCCC#CCCO,7.468096
CCOC1C=CNC1C[SH]=NSC,3.7119477
CN1OCP(CO)C1CO,7.3126397
C=C(CO)OCCC(N=N)C(O)O,5.899243
CNCCC1C#CCC1NNN,6.37051
CCCC(N)C(C)(O)CCC,8.17298
COOC(C)CCNCCCN,7.655273
CCC1(C)C(OC)CC1(OO)OCCO,8.474605
CCSCCC(CCCN)OCC(C)C,6.8608565
CCCC1(N=CO)CCCCCC1CN(C)OOO,6.604241
CC1CC(CO)C1C1(C2CCC2)CCN1,8.12389
CCCC1CCC=CCCCC1,6.9588766
CC=C1C(CC)C=CC1CCC,5.7443805
CC=C(C)CC(C)C1=CC=C1CCC(CC)NC,3.4153576
CCCCCNOC(C)=C(C)CCC(C)=N,6.3651505
CCOC1COCCN(CO)C2C(C)N12,7.4936986
C=CC(N)=CCCCCCCC,5.283966
CCCOCC1(CC)CC(OC)C1C,8.612385
CCCC(COC)C1OC(C)(C)S1,7.52799
C=CC1CCC=CC2C(C)SCCCC12,5.4013968
S=C1C=CSC1SSSC1CN1,3.5850785
CCC1CCCC(CC)C(=O)C1,6.6517344
C=C(SNCCC)[SH]1CC=CCO1,3.9744375
CCCCC[SH](CC)CCSSC=[SH]CO,3.6736073
O=Cc1ccc2nc1CC2,4.705461
CCC.COC=C1CN(C)CC(=N)N1CO,6.0341225
C=CCCCN1C(=O)C1C,6.7719893
CCCCC(O)C(NNC)OCCC,7.7318544
C#CC1NCCC1C1NCCCCN1CC,6.8503947
CCNC(C)PNC(F)CCCCC(C)CC,7.2865324
CCC1CC(CCCCC2(N)CCCC2)C1CO,8.538726
CCCC(O)C(NOC)OCNC(NC)OC,7.8628817
CCCC1CC1CCCOCCN(C)C,7.630952
COOC(C)(C)OC(P)OO,8.777773
CCCCC(C)(COO)C(C)CCC,7.9951043
COCCNCCCCCCCCCCC(C)C,7.6028357
CN(CC1CCCNC1)NCCNCCCCN,7.0707393
SCC=NN1C=CSC2=C1CCCNSC2,3.5491266
[C]N=NCN(CC=CCC)CCC,3.8042042
CNCCCCCN=C1CCC(O)C1C,6.1015363
CCC(CSSC(C)CC)OCF,5.924969
C=CC1CCCC=NC(N)C2CC(C)CC2C1,6.100704
CCNCC(C)CCCCCC(COC)=NC[N],5.230606
COC1(C)OCC1C1(O)OCN1C,7.95999
COC1=CC=CC(C)CCCS1,4.438342
C#CC(CC#N)COC(=N)NNCCNN,6.931356
CCCCCNCC#CCCCCCCCCCCNC,6.44882
C#CC(CCCF)OC(OC)C(C)(C)C,8.043784
CCC(O)C(O)CCCC(C)OC,8.714217
CCC1(CCCNC)CN(C)SN=N1,5.4408402
CCCC1CCC1(C)OP,8.06062
CCC(C)CCC(C)C,9.880059
C=C(N)C(C)(CCC(N)NC)NSC,6.2185545
CCCC1=C=C(C(C)CC)C=CC=CC=CCC1,3.6460993
CC1CC1C(=CCO)CNNC(C)(O)ON=NN=O,5.0968776
CC(O)=CCCCC(O)CCCC#N,6.5231085
CN(CS)NC1=CC=CSC1CO,3.6858943
CCCC(C(C)C)C(C)C,9.887874
CCCC(C)NC=CC(O)C(C)CCC,6.615408
CCCCCCCC=CCCC(C)C,7.1699605
CCCN1CCCNN(O)CO1,7.5327053
CCCCC(C)P(C)PPOC,8.191051
CC1(O)CCC(O)ONC1,8.415589
CSCCSCCC[SH](O)C(C)CO,5.5059557
C=C1CCCC=CCCC1N1CN1,5.3352385
SC1CCC=CCCC1,6.3678546
CCOC1NC1=CC=CN=[SH]S,2.6413627
CC=CC(O)CNCCO,6.8173304
CCCCCCOCCC1CCOC1O,9.259301
CCCC(CCO)CCCCC(S)OC,6.7514033
CC(CC=COCCCNS)NN,6.0633993
C=C(C)CC(C)C,7.358305
C#CCSCC(CCCCN)C1CCC1COC,6.4864945
C=C1CSCCCCS1,5.8243365
CC(O)CCCCCCCCC1CCCC1,8.836003
C#CCC=CCCC1CS1,5.8481493
C=C(C)C(C)CC(C)CCCCC(C)CC,7.4286246
CC(CCSC=O)CSSC(C)O,5.814931
CCCCCC(CC)CC1=CCP(O)C(OC)CC1,5.71217
C=NC(CC)NC(=O)C(OOC)C1(C)CC1,6.532599
COC(C=N)N(CC(C)CC#N)OC,6.2306695
CCCC1=NN2C=CC=CC2=C(N)C=C1,3.2770674
C#CCSCCCCC1CCCO1,6.306537
C.CCCC(O)=CCCCSCC,5.831522
CC=CCNC1OC=CC=C(N)CO1,5.1807723
CC1CCC(=O)CCCCO1,6.321657
CCC1(C)C2CCCCC1CC2,9.3306265
CCC(=O)C1CCCCOCC12OCC2N,6.09508
CN=C(SC)N1CC(C)CN1,6.407608
CCCCSC(=O)SC,6.177841
CN(O)CN=C1CC1=N,5.098736
CCC1CCC=CCOCC1C,7.0816646
CCC1CCC(O)CCC(C)C1N,7.5414867
C=CCC=CC=CC=C1C=C1SC,3.0444553
CCC1C=C(C)C(OC)C1,7.062788
CC1CC(C(=O)O)(N2NCCCCCC2C)C1,6.2796836
CCCCC(C=CC=CNN)OCOO,5.118531
C[C]1CCCSNN1NCCC=O,4.1930766
C=C(CC(C)OCC)C1CC1,7.1348176
CCCC1C(CC)CC1CSC,6.9079967
CC1=C(CC(C)CN)C(C(C)C)CCS1,5.4809837
C=CC(CSCO)C(C=O)NOO,5.204848
C=C(C)C1CC1CC(CCCO)OC,7.3373466
C.CCCN=NNCC(CO)CCOC,5.8727274
CCC1CCC(C)(OC)C=C1N,6.832646
CC(O)N(C=O)C(C)N=O,4.5557103
CC1(S)CCCCCP(O)CCOC1,6.876873
CCC1=CNCC2CCC1CCS2,4.435709
CC1CC(C)[PH](=O)OOCCC1O,7.8471155
CCCCC(C)CN(C)NNC(C)C,7.3645473
CCC(C)(C)CCCC(C)CCO,8.865191
CCCC(CC)CCC1CC(C)O1,8.685091
CC=NC(N)(CN)CCCCCCCN,7.0271544
CNCC1NNN(C)C(N)C1C,7.546371
C=C(O)C=C(C)C,6.039636
CCCC=COCC(C)CC=O,5.352835
CCCC=CCCCCCCCC(O)CC,6.810982
CC[SH]=CCC(CC)C(=O)CCCSC,3.6480315
CC(=O)CCCCCCCC1CCCCCC1C,7.0505013
CCCC1=CCC1C1CCC1N=COO,5.3340116
CN(C)CCN=C(O)C(C=O)CCO,6.133237
CCNCCCC1CCCCN1n1ss1,5.693275
C#CC1C(=O)C=C2C(=C)CCC1N2N,3.4780655
CCCC(=N)CNC=CC=NNN=N,3.0135376
CC1CC=C(CCCS)C1O,5.1485868
NC1CNNCCCNSC2CC(=N1)C2S,5.247294
CNNCC=C(N)C(C)NNCSC,5.396741
C=C1CSCCCC(C)CC=CS1=O,4.117777
CCN(C)C(C)OC,8.0641575
C=CNCC(O)(COO)C(CN)NNO,6.0371137
C=CCCSCCCCC1C=CC(F)=C1,4.8449917
CNCCCCC1CNC1,7.8741493
CC(C)CCCCCCS,7.0909505
CC(C=O)C(O)C=COC#N,6.3662367
CCCC(C)C(OC)C(C)CC,8.7632675
C=C(CCC)CC(C)=O,5.4219937
C.CNCCCCCCCCCCCCC=NN,5.797038
C=C1CSCOCCCCS1,5.5680327
CC=CC1CC(C(=O)CN)C1,6.0896263
CCC1CNCCCCNC1=S,5.036521
CCC(C)CN(CC)NO,7.836489
C=CCC(C)=NCC(C)CCCC,5.835938
C=CC(CC=NC(C)CCCOCC)COC,6.469948
C=CN1CC=CCCCC[SH](C)C1,4.9754686
CC1CCC2CCCN(C)CC1C2,7.7296166
CO[PH]1(C)C(CS)CSC1OS,4.6672015
CCCCC=CCC=C(C)CO,6.22305
CCCC=C=CC(C)C(=COC)CC,6.2730694
CCCCCC(=CO)CC(CC)C(C)N,6.682019
CCCCCC[SH](CC(C)O)OOC,7.2618785
CCC(CCSC)N1CC1C,6.808092
CC1CCCSC(CO)NCCOC1,6.857699
CCC1=CC=C1C(CO)C(CC)C(CO)C([O-])OO,4.125582
CC(=CONN(O)ON)C(N)=O,6.8285174
CCCC(C)C(OO)C1C(C)C1CO,8.016049
CCC(O)C(CCO)C(O)CC,8.402988
CC(C)=CNNCC(N)C(C)(C)N,6.2654614
CCCCCCCC(CC)CCNO,7.987723
N=C1COOCC1=O,4.6124754
CCCC1(C)CC(C)C(C)SC1O,7.0891356
CC(=O)COCN(C)CCCCNNN,6.0993013
CCC(O)C1=C2C(C1)N2C(C)CCON,6.117821
C.COC1C(CNN)C(C)(N)C1ON,7.7619677
CC(C)NC1CC(C)C1CC1CCO1,7.629987
CCCCCOCC(N)(CC)CCCCNN,8.065663
CSNC1NCCC=C1C1CCCS1,4.121743
CC1CCCCCCCC12C=CC2,6.948803
CCCCCNC=CCC(N)=[SH]CCS,4.194337
CC1C2=C(CCCCNN)CC1C=C=C=C2,3.6447978
CC(C)CC=CCCN(C)CC(C)C,6.327836
CCCC(C)CCC,10.2934065
CN1SSC2C(=O)N=C2CC2=[SH]CC21,2.7164483
CCC(NC(=O)O)ON(O)ON,7.5559278
O=C1CCCC=CN1,5.353
[C]=CCCNCCC1C=NCC1,3.5202188
CC1(C)CCCCC=CC=CC=C1O,5.1965895
C=C1CCCC=N1,5.484828
C#CCC(C)C(C)NCCCC,7.2039022
CCC1C2CNCC1C(NSC)CSC2,5.6372576
C=C1C=CC=NC=C(CO)CNCCC1C,3.3978243
CC(C=[SH]SNN)NCON=N,4.953075
C1=CN=CC=NC=CNCC2(C=C1)c1cccn12,3.0549443
C=CC(CC)C(C=C)(C=C)CO,6.588112
C=CCC=C1NOCCNCSN=C(C)C1O,5.0431824
CN1CCC(C(C)(O)CO)C1,7.6308255
CC[PH](C)(OO)C(C)CC(C)F,8.277754
CC(CNN)CN1CCCCN1NNC(C)C,7.4599667
CCCCCC(CC)C1SC1=N,6.054844
C#CCCC(=CC)CC=CCNCC,5.6421394
CCCC(CC)C(CC)C(C)OC,8.573396
C=C(C)C(CO)CCCCCCC,7.1412735
CC1CCCCOCCCC(CO)C1,8.763634
CCNCCC(CC)C(C)C,7.9534445
CC1=CCC(COS)NON1,6.1992054
CCCC1CC(C)CCCC1(C)O,8.687253
C=C(CC1=CCNCC1O)CC(C)CC,6.000421
CCN(CC)[SH]1CC(O)=CC=N1,4.3592744
CCCCCCCOCC(C)N,8.424147
CCC1CC(C)C1=CCSSP,4.9129753
SCCC1=CCCSSCC1,4.627962
C=C1CCCCCCC1C1=CCC1,5.9547324
NNSC1=C2C=CC=NC(CNN=C1)C2,3.1219068
CCC1SCC=CC1C1CCCNCC1,5.881546
O=CC1CCC(O)CCC1=O,5.108515
CCCCNC1CNCSCSNCN1,6.1169643
CN(CCNCCN)C1=CC1NN,6.364114
C=C=C(CC(C)CN)N(S)CC,5.049955
CCC(CC=O)COCC=C(C)OCOC,6.0421033
CCC(C=C1CCCCCCCC1)NN,6.591185
CCCC1CCCOCCC(C)CCC1OC,8.934753
N=CCC=C1CCCCCCCCC1=S,3.2799494
CCN1CCCCC1SC,6.4770627
CC1CCCCCCP(CO)C(C)C1,8.339432
COC(C)CC=CCCC1CC(C)CCS1,5.7482853
CCCC1CN[C](C)C1(C)N,6.7745185
CCCCSC1CC=CC=CSCC1,4.5832596
C=CCOC1CC(=NC)C1NN,6.2665324
CC(=O)OCC1C=CC1C=CNCCCN,5.407219
NCCCCOC=O,7.3438673
CC(O)=NNCCCCC(C)C,6.528673
COCC1=CC=C=CC=CC=CSNS1,3.0147502
CCC1COC(=O)OCCCCCO1,8.412163
CCCC1CCCCCCC=CC=CNOC1,5.433254
[C]NC(N=CCN)NCC=CC,3.8681848
CCCCC=NC(=N)C(C=O)CN,5.209947
CCC1C(C)C1(C)OO,8.529956
CCCC(CC)CC(C)COCC,8.81782
CC[SH](N)CSCCC(C)C,6.1931934
CCCCC(SSC)C(Cl)=CO,5.057541
CCC1CCNCC1CCCC=CCC#N,5.76909
C=CNC=CC=CC,4.434079
C=CC1C=CCC(C)=C1C(C)CNN,4.9123316
CCCCCCCCCCC(C)CC,9.887713
C=C1C=C(OCCC)C2(CNCCN2)C1,5.8970785
COCC1CCCC=C(C)C1(C=O)C1CC1,5.4997067
CS1(C)C=CCCCC1CN=N,5.463504
C=NC(O)N(CCCCC#N)NC,6.964605
CC(=O)CC(C)SSC1SC[SH]1C,5.4879704
CC(CC(O)COO)CC(CO)OCC#N,7.484869
CCSCC(SC)C(C)CO,6.0279617
CNC(CN)NC(C)C(O)O,7.2647376
CCC[SH](CC)OCC=S(CO)COO,4.178093
CCC(C)(C)C(C)(C)NC,7.9815083
CCC1=C(CC)C(OO)CON=C(CNC)C=C1,4.627659
CCSCC(CCCCO)OC,7.3789
CCCC(C)CN1CC1CCCCCCCC=O,6.6783533
CC(C)C(=O)C(C)(C)O,6.2292137
C=C1CC(OC)CC1CO,6.5605383
OCPSCCSC(O)CS,6.3341312
CCCC(C)(N)NCCN,7.647551
CC(C)CCC(CCO)=NC(=N)CN,5.481288
CCSC(C)C=O,5.268999
CCCCCOCCCCCCC1C2CC12,9.145033
COCCC1CCCCN(CCN)PC1,7.7180843
N=CCCCCCCC(O)C(O)N=NCN,6.1860723
CCC(N)CCCC(C)C(C)CCO,7.917165
C=CC1(C)C=CCCCC1C,6.082818
[C]=CCCCCC(O)CCCCCCN,4.0030684
CNSC(=O)C(=O)CCC(C)(C)CCNS,4.0095077
NC1CSSSCC1C1C=CC=CCC1,4.410853
CCC=CC1CCCCSC1=S,3.9366817
C=CC(O)=NCN=CCCCC,3.8127444
CC1=NC=CSNC=C(S)S1,3.8619943
C=C(C)C=C1CCCCCC(C)CCOC1,6.327645
C=C1C(CCC(C)CCC)CC(CC)C1N,6.4354215
CONCC1(OC)CCC(O)C(C)C1C,7.760735
CCCC(=N)CCC(C)CCCO,6.933308
CCC(CC)C1CCCC(C)CN1,7.565681
CCC(CC)C(NOC)OCC(C)C,8.241184
CC(C)CCCCC1C(N)CCCC1O,7.916632
CCCCCC1CCCC(=N)O1,7.726744
C=C(CC)CCCC#CCC,6.477595
CCC(CN)N(C)CN,7.7587395
CCCC(C)OCCOCCOCNC,8.375323
C#CC(C)CCC(C)(N)OCC,7.9023724
CC(O)C1COCOC(N)(O)N1,8.6390915
CCCCCCN1OSC2C=CSN2S1,4.962235
CC[PH](=O)CCC(C)SC,5.4550447
CNN(C)NNCNCCCCCCCCS,6.9983773
C=CCP(C)(=O)O,7.2180204
CC(C)CCNC1NCCCCCC1C,7.397229
C#CCCC#CCNCC(CCN)NCN,6.7585745
CC1CNNC(CC=NCO)C1,6.7249975
NCCc1cncccccsccnc1,3.9949214
CCCCC1C=C(C)C1(C)O,6.77568
CCCCSSSCSCC=CC=O,5.187639
CCc1ccccccccc1C(O)CC,5.2076564
CCC1(COO)CC(C2CCC(C)C2)C=CC1=O,6.143942
CCOCC=CC=COSCC(C)C,4.9976926
COCC1=CN=CC=CC=CC=CC=CC2=CC2=C1C,2.5622022
N=C1C=CC1=CCCCCCCCO,4.054259
CC(CCCCN)CCNCCC=N,7.508458
NCC1CCNCCCCN1,7.8032756
CCC1C2=CC=C(C=NNCCC2)C1N,3.5784519
NCCCNNCCC1C=C1N=CS,4.2552605
CCCNC(=O)CC,6.559382
CCC1CC=CCOC(C=S)C1,4.660882
CCC1CCCCCC(C)CN1N,7.93152
CCC(O)CCC=CCCC1CCCC1C,7.030286
OCCCN=N[C]1CCSC1,4.3540673
CCN1C=CC(C)=CCC1C,4.7937613
CC(C)CCCC1=CC(=N)N1,5.464076
C=C(CCC=S)C1=C(CC=O)C(C)=N1,2.6075208
CNNN1CNCCCCC1CCNSC,5.850293
CSCCCCC(C)CN=CCC(C)C,6.651832
NN=CN1C2=CCCC1CC=CNCC2,5.077649
CSCC=CSCO,4.9051585
CC1CCCC(CO)C=CNC1C,5.971935
C=C1CCCCCOCCCCCOCC1,6.780837
CC1SC=CCCC1OSCN,6.044978
CCCCC(C)CCSC(=O)[SH](C)CC,6.0835967
CCCC1CNNNN1,7.6560884
C=C1C=C(NC=C=CNNC(=C)COOC)CC(C)C1,3.125084
CCC(CN)C1(NC(C)C)CCC1,7.7099714
CCC(C#N)CC(C)O,8.486173
CCNCCOC(C)CN,8.041534
CC(O)CC(C)C(C)C(C)CO,8.337872
CCC(C)(O)SC(C)C(C)O,7.1993494
C=C(O)NN1NS(C)(C)C1CC,6.321555
CCCC(=N)NNNCNOCCCCCNNC,5.428463
CCOOC=C1C(=O)CCC1NCC=CN=O,3.6963813
CCCCCC1=CC=CSSCOS1,3.7277808
CC[SH](N=O)C(CC#N)CCO,5.331436
C#CCCC(C)CC(C)C,8.748988
S=CCCCNCCCCC1=CCCCC1,5.1197133
C=C(C)C=C=CC=CCCCC(O)CC,5.591113
CCCC1CCCCSC2NC12,6.687918
CCNCCC(=NO)C(C)O,6.4685388
CC=CC1CC1C1C=CCC1C,6.059687
CCCCC1CCNNC1=CC=O,4.752553
CC12CC1C(O)SSSS2,4.5168257
C=CC(CC1=CC2CC(C)C2C1)C(C)=O,5.0515237
CC1CC(C(O)O)C1=N,7.3313217
CCNN(CCO)[SH](C)CC=O,5.5483527
CCNC(C)CC(O)C(O)CC,7.613745
CN=CC(C)CCC(C)OC(C)=N,6.720673
C=CCC=CCSCC,6.5336175
CCNCc1c2cccccccccc3c-2c1-3,2.6214726
C=CC=CCC1C(CN)CCN1OC,6.028555
CCNCCSCCCO,6.3908052
C=NC(CNCCC)OC(N)CCCCCC,6.4128604
OCCCCCC=C=CCNO,5.8682866
N[C]1C=COOC1,4.8625264
CN(COC(=O)OO)N(O)CO,7.3686247
CC1(CO)CCCCCCCN1,7.9672937
CCC1CC(CCO)C1,8.701854
CC(=O)C(N)C1=C(CCNO)CC1,5.2071514
CCC(C)C(C)CCCC(C)=O,7.1814194
CCC(C)(C)c1c(C)sn1C,6.345485
CCCC(CC(C)CC)NC,7.9306593
CC1=C2N(O)N2C(N)CCCCC1C,5.93475
CCCN1CN(C)CCCCCNC1N,7.4775414
CCC1C=NCNCCCC1N1NC1O,6.4277945
CC1CC=C2C=CC=C2C=CC=COC1,3.5210202
CCC1CCC=CCC(S)C=CC1=O,4.4758987
CCNCC(C)C(C)C(N)CC,7.67282
CCCSCSC(=O)[SH](OC)OO,4.969307
CCC(C=S)NCCN(C)C(C)=NO,4.3960075
CCCC(CC)CCC(CN)OCC,8.349667
CCC(CC)CCC1(CC)C=CC=C1C,6.74292
CCC1CN=C=CCCC(O)C1=O,4.8191166
C=C1CC[SH](C)P1OC,5.375351
C=C(OCC)C1=CC=CC2=CC(=CCCC2)C=C1,3.372799
C=CCCCN=CC1CCC=NN1,4.358874
CN1NC12CC2CCC1=CCCC1,5.865535
CC1=CC=CC2=C(C=CC=NCC(C)O2)C1,3.928902
CCNNC(C)C(C)C(C=O)CC,5.8356247
COCC(=CO)C1ON1C(=O)C1CC1C,6.104725
C=CPSP(C)SCOC(S)CC,5.1892567
CC1CC(C)(C)CC(C)N(F)O1,8.054201
CCCCCCC(C)NCC(S)CC,6.9276705
CCCCCNC(CNCC)N(CC)C(P)SCC,7.039081
CCSN=NC=CC(CN(C)C)NOC,3.514356
CNC1CC(S)CCCC1F,6.7274356
OCCOC1CC=CCCCCC1,6.628226
CCCCCSCCCCCC1CCC1,6.967661
C=CCN[SH](CCC)CNC(N)CO,6.0173683
CCC(C)CC=CCCNCCNCCO,6.3977866
CCCCCNC(CC)OC,8.041872
OCCC1=CN=CC=NC=CC=CC=C1O,2.7899938
CCC(C)CCCC(C)CCC(C)O,8.742188
COCC1C(=O)C1CCCC=S,4.245251
CC1C(=S)OC=[SH]C1CO,2.9811609
CCOCC(CCCO)CCNC(C)=O,6.7725167
CCC(C#N)CC1CCCNC1NC(N)CN,7.828088
C=C(C)CCCC(=C)SCCN,6.0316024
CCCCC1CCCCCCC1CNC,8.177129
CCCCC1C(C)C1CCC,9.647118
CCCC1C(=S)SCCSCC1C,4.7581377
CC(C)CNCOCC1CCCCN1,8.015714
CC1(C)CCCCC(O)=NCPCC1NN,6.2769976
SCC12CCNNCCCC1CC2,6.756801
C[C]C#CN=C1C=CC1NCCCN,4.5966578
CNCC=C1CC=CCC=C=CC1OC,4.1691055
C=C1C=CC=CC=CCCSC=[SH]1,3.158135
CCCC1CCC1CCC1CCCCCC1,9.312937
C=C(NO)NCCCNCC=C(C)C,6.0502996
NCC1CC(CCO)S1,6.7524686
COC(OC(C)C=O)C(C)O,6.716214
C=CC1CCNC2C(CC)C(O)CCC12,7.021625
CCCC(CC)C(C)OC,8.902691
CCCCCN1CNCC1C1C=C1,6.0203323
CC1=CCC=CSCCN(C)C1,4.2711563
CCC(O)CC=C(C)CCO,6.8829308
CCC1CC(CCN)NC(C)(CC)N1,7.0551243
COC1CC2CCC(C2C)C1C,9.265865
NCC(CCCO)C1CCC1,8.631781
CCC1C(O)COC(N)C1C,8.376483
CC(C)COOC#CCCCC#N,7.367928
CN1CC=CSC1C=CCC1C=CCNS1,5.1298704
CCC(=O)C(=O)NNCCCl,5.2850566
CCCCC1CC(OCC)ON(CF)N1,7.892476
C=C1CC(O)(C(C)CO)CN(O)C1O,6.841478
CCC(N)CNCC(O)CC,7.999978
C=CCC(=C)C(CO)OO,6.5647564
CCC1=CC=C(C=NC(N)CCC2CN2C)C1,4.2474904
CNC1CCC2=C(CSC)CC1CC(C)C2,5.1713367
CC1C=CC(C=CN=O)CCC1,4.776235
O=CCC=CSCC=C1NCCS1,3.7531319
COCCOC1(C)CCC(C)C1=O,6.491749
CCCCCCOC(CC(CC)C(=O)CCC)NO,7.0899086
CCSCCCNCC(CS)OO,6.1438174
CCN(C=CCCCCCO)C(=O)CCNN,4.5948977
CC(C=S)OC(C)COSCCS,4.9767194
CCC1=CC=C(CC(CO)OC)CS1,4.062449
CCCOCC(O)CCCC(O)CN,8.287801
CSC(C)(O)C(C)O,7.920599
C=C(C)OC(C)CCO,7.186369
CCC(C)CC(N)COCCNC(O)CC,7.9686623
CCC(OPSPC(C)C)N(C)OC,6.596787
CC(CO)CNCC(C)NO,8.020531
C=C(CC)OCOCCC(=O)OC,6.882251
CC(CCC#N)CCCCC(O)CO,8.1260805
CCCCOCC(=N)O,7.540308
CCCSC=C(CN=O)C(N)CCC,4.2409425
[C]N=CCNCC=CCCCCC,4.435455
CSC(COC1CCCCCC1)OP,7.1746097
CC(O)OCC(CN)NNCCCCCN,7.237565
CC1CCCC(N(C)C2(O)CCC2)N1,7.235604
CC1(C)CCCC#CSCCC1,7.018725
CC1=CCOCCOCCCC1CC=O,5.555652
CSC1CC=CCCC1C,6.257157
[C]=C1CCCOCOC1,3.986431
N=[SH]CCNNCCNN,5.132241
CCC1CCCCCOCCCCCCCNNN1,7.1041245
CCC1(C)CC(CC(C)C)C1C,9.326403
CCCCC1CCCCCSC1,7.068085
CC1C(N)C1C1NCN1C,7.6545687
CC=CNSC1CC(CS)CS1,4.87045
N=CCCCCONCCC1CCCC1=CNN,5.345226
CCN(C)CNCC1(NO)CO1,8.013692
CCC1C=C(O)C=C(C(C)=O)C1,4.8068285
C=C(CC(N)C(C)(O)O)OC,7.040263
CCC(O)C=C(C)C.O,6.5266666
C#CCCCC(C)CNNNC1C(C)C1C(C)CC#N,7.0784693
CC(CO)CCC(=O)N(C)CS,6.4418063
CCC1CC(C)C1O,8.752033
COCC(OC)C(CO)CC(=O)OC,7.4470434
CCOCNC(C)CC,8.366681
C=C1CCC1(C)CCCC(C)NC,6.706517
OCC1CCCSC1F,6.6313987
C=CC1CCCCC1(C)C,7.19979
CCCC(S)(CC)OC,6.9470463
C=NCSCN(CCC)SCCSS,4.8896284
CCCCCCCC=C1N=C1OCC,5.4555964
C#CCCCC1[C](O)[C]CC=C(COCC)CC1O,4.5926027
O=[PH]1C2=COC1C(O)O2,3.756825
C#CC=CSCCC(N)CO,4.8635745
CCC1OC2CCC(NNCCNCCNO)N12,7.687065
CCC(CO)C(CC=N)COCCC(C)=O,6.9492736
CSC(C)SCSC(C)C1(C)CCC1,6.152441
CC1C(ON)CCCCCC1OO,8.054588
CNCC(NO)P[N]COO,5.5952315
CCCC(CC)C(CC)COOCC,8.251478
CCCCCCCCCCC(=O)OCCCC,7.67643
CCCCCOCCCNCC(O)(NC)OC,7.9949284
CCC1CCC(C)CCC(O)C1,8.64095
C.CCON1CC1SSCS,5.560466
CC(=S)CC(C)CN,5.0169473
CCC(CC)N(CCOC)C(O)COC,7.9443026
CCNCC(C)C(S)CN(C)C,6.425855
CCC1CCCCCSCCSCC1SC,5.684833
CCC(=CCC(C)NNNCCO)CO,6.6977887
CCC(CC#N)C1CC=CCC1,6.8316355
OCCCCCCS[SH]1CCC1CO,5.101052
CN1OC(C=N)CC1(C)CCCC=O,6.209638
CCCCCCCCCCCC,9.79258
OCC1CN=CCC1O,7.0931373
C=NCC(O)C(=N)SC,5.8690047
C=C1CC=CC(C)C(=CC)C1,5.814679
C=C1C=CNC=CCC1CCCO,4.332136
C=NCCNCCCC(COC(C)NO)OC,6.8535113
CNCC1=CC=C(C)C1=CCCS,3.0950325
C=C1CCCCC2CC(CC1)CCC2C(C)C,7.513049
CC(C)CC1=CCCC1=CCO,5.5333214
CCCC1C[SH](SCCN)CC[SH]1C=O,4.4567266
CC1=CCOCC(O)C1C(O)O,7.0137157
N=NC1C(N)=C1NCCCCN,4.7535877
CCCCOCCCCC1CCOOC1,8.149553
CCSCS[SH](CCO)SSCSCC(C)C,5.0382576
C=C(C)C=C(C)C(CC)CC,6.1206565
CC1C(CCO)C12CCC2,8.59435
CCC1CCN(COC)C1,8.168618
CCCCCC#CC1C=C1CCC,5.3126235
CCC(CS)OCCO,6.8191276
CCC(O)C1CCCCCCCOCC1,8.360606
CCC1(NO)CC(CCC(C)CN)CCO1,6.996727
C=CC(OCC)C(CC)C(C)CCCC,7.440161
C=C(CCCCN=CO)C(O)COOC,6.506214
CC1=C2C=C3C=CC(C)(C=CC=C3C=CCO1)C2,3.0038176
CCNC1CC1C[SH]=CCN=NSCC,3.7441244
CCC1C=CC[SH](O)CC[SH]1CC,4.4435306
C=CC1(C=C)NNNCS1,5.3402734
C#CC(CN)C(C)CNCCCCCCC,6.991357
CCCC1N=CC2=CC2=C1SC,3.4051242
CNC(CCCCOC)CNNNC(C)=O,7.050478
C#CC(C)(C)C(C)OCO,8.3591175
C=C(CO)OCC=C(O)CCCOC,6.63212
CCCCC(N)OCCO,8.320752
CC(O)CCC(C)(O)C(C)N=O,6.138548
CCC(C)(CN)C1C(C)N1SC,7.0929
CCC1C(C#N)C1CCN=C=O,7.190791
CC1CSCCSCSC1,6.234269
CCNC1CN=C(C)NCCC=[SH]1,4.358535
CCCC1C=C=NNCCCC1,5.8571014
CCOC(O)N(O)C(CCCCOO)C1CCC1O,8.424839
CCC(C)C(C)C1=CCN1,5.9963093
CCCCCCCC(S)OCCC,7.296082
CCNCN(OCCC(O)COC)C(C)CNC,7.346244
CCCC(N)[PH](=O)OOCC(C)O,7.530901
CCCCC(CO)C(=N)O,7.0087776
C=CN=C1CCCCC(COCO)C1O,5.7173605
CCOOC(CN)COCC(C)CS,7.0914626
CC1=C2SC=CN=C2C=CC=C1,2.9929335
CC=CC1CC(O)CCCCC1CC,6.6768312
CSc1cccsc(=S)ccs1,2.9705122
CCCN1CNNCC(CC(C)CC)=N1,6.270625
CC[SH](NSC=S)C(=N)COS,3.973126
C=CN1C=CC(=C)[SH]=CC1,3.1123157
C=NC1C=CNSN2CCCC=CC12,4.233207
CCCCN1NNC(OC)CC1N=N,7.014618
CNSC(C=S)[SH]=O,3.7536316
COC1CCC(O)=C(CO)C1,6.1924167
CC1CC=CCCCC1CCC=NN,5.605177
OCC(O)CCC[SH]=c1sc1=S,2.9278574
CCCCC1C=CC(C(CS)CCC(C)C)C1,5.7400117
CCC1CCCC(C)C1,9.87431
CCCC(CS)CCO,7.0867624
CCCC(C)COCC(C)NCCCCCCCO,7.7627196
CCC#CC(=O)OCC,6.5259876
O=C(O)OCCC1=C(CNCCOS)S1,5.3650293
CSP(N)CCOOCC1CC(O)CNN1,6.8196783
CCCNC(C)NC(C)CCCNC,7.4483633
CC(O)CSC(C)CCCCN,6.8714967
CC(O)=COC1(CO)CCC1,7.017446
CC1CCN2CCCC(C1)N(CC(C)OO)NC2,8.066374
CCP(NCCSCCN)OC,6.325674
COCC1CCCCC1CNCC(OC)SC,6.6482167
CC(C)OC(CC(C)(C)N)C(C)N,7.6018543
CCCCC(CCCOF)CNCCC(C)C,7.8039007
CC(C)CN(C)CCNC(C)C(C)CCC#N,7.4472065
CCCC1(C)OC12CCC1CCC1CCCCCNC2,7.449443
CNCCOC(=O)CN,7.0672903
CC(C)=NCCC(C)C,6.9089875
CCCCC(C)OC(O)=S,5.779756
C=CC1CC(C)=C2CCC(CCCC)C21,6.6057887
CC1=NC(C)([C](N)O)NN=N1,5.0330844
CCCCCCC1NCN=CN1C=N,5.6882677
CCC(C)CC(F)=C1SC1CC,6.013924
CC1CCC=C(N(C)O)NCC1CN,6.339673
C=CC(C)=C(O)C=O,4.1779294
CCCCCCOC(C)CCCC(C)CN,8.184278
CCCOCC1=CC=CC=CC(=NCO)N=CN(O)O1,3.4621754
CCCC(O)(CCCO)C(C)=O,6.948412
CCC=CS(O)(CSCN)N=N,5.3336663
CC1NC=CC1OS,6.0642686
CCNC(NCOC)(NNCSC)SS,5.2252865
NC1CSCN1C(=O)CC=O,4.7348685
N=c1scccc1CC1CCS1,4.6854787
CC1=C(C)C2SCCN(C)CC12,4.851332
CC(SSC(CNO)SCCSS)=[SH]O,4.414003
CC=CCCCSC([N]C)C(OC)C(C)CC,6.274749
COC1=C(CNC2CCC(=N)N2)C2=CC=C2C1,3.2975125
C=NC1=C(N)CCCC=C1S,4.188094
SCC1CNC2CCC=CC12,5.616109
CCCCCCC#CC(C)(C)CN1CC1,7.633577
C=CC1(CC)C=C=C(C)C1C,6.079745
C=CCCC=CCC1CCCC=CCC1=CCO,5.170664
CCN(CCC=COO)COCCCO,6.306571
CCC=C([O])C(C)=O,4.028954
CCC(C)CC1OCCOCC1CCO,8.734469
CCCC1C(C)=CCC2CCN=C1CC2C,5.040229
CCC1CCNCCOCC=CC=NC1,5.8718777
CCC1C=C2C=CC=C=CCNCC21,4.8415713
NC1=CS(=O)CC=CCCC1,4.5108757
CSC1=CC(O)CC(CCS)C1,5.5553393
CC=CCCCCC=CC1CC1CC,5.847867
C=CC1NC(SCO)C1=NCNSO,5.099298
C=NC(CNCCCCCCCCCCC)OC,7.0434074
CNC1CCC(O)N1OC,8.072743
COCCC(C=CSC)C=[PH]=O,4.429997
C=C=C(C=CC(=O)CCC)CC,4.689989
C=NC1=CCNN1PS(C)=O,3.8929949
C=CC(C=C)(CC)C(CNN=CN)OC,5.4921784
COC1CSOCCC1C(C)=O,6.1725388
CCCC(=CO)C1=C(O)C=CC=CC=C1,3.526573
CCCCCC(C)C1COC1OC(CC)CC,8.80841
CC(CO)COC1CCC(C)C1,8.817852
CCC1C(C)CCC1CO,8.628777
CCCCCCC(C)CNCC(C)COC,8.370224
CN=C1CC(C)COCS1,5.8936667
COC1=CN2CC(C(C)=O)N(C)C2C1,4.554888
CCCCC(C)COC(C)C=NC,6.894749
COC(C=O)C=C1C=NCCCC1,3.6454258
CCC(C)C=C1NC(=O)C1C,5.4674516
CSCCCC=[SH]C1CC1=O,2.9186966
CCC1=C(CS)C2=CC=C=C2CCCC=CC=C1,3.2873359
C=NCNNS(CC#[SH])=C(C)CCCC,3.3223958
CC1=CC(CSCC#CCS)C1,5.0115414
CC(OO)C1COOC(O)(C(O)CN)C1,7.716189
CCCN1CCCC(CC)N(OSCC)C1,6.1083784
C=NCC1(NOC)NCCSC1C=O,6.2177286
CCNCC=CC(C)(C)CSC,5.611263
C=CCC=C1CC=CC1SCC,4.955384
CCCCCC(CC)CN,8.2333765
C=C1CC(CC)NC(C)C(=O)N1,6.528685
C#CC(C)NCCNNC(CC)CCC,7.0179505
CONC1CC(C)(OC)C(O)CCOC1C,7.6908917
CCOC1C(C)CC1(O)OC,8.946068
COCCOC(C(CO)OC)C(CO)(COC)OO,8.557554
CCCC1CCCOC(CC)C1CCO,8.456087
CC1CC(CCCC#N)C1C,9.208605
CC1CC(CCCO)N(C(C)O)C1,7.8728137
COC1=C(CCO)C=C(O)OC1=C=O,4.773
CNC(COCC(C)N)NCCOCPN,7.384147
CCCC(SNCC)[SH](CN)COS,5.3223505
CCC(CN)NC(C)CCCC=NC,6.80257
CC(N)CC=CC(N)CC1CN1,6.4979153
CCC1CC(O)CCCCPC1O,8.246287
CCCCCCC(C)CCC1CCNC1,7.768555
CCC(C)COCC1=CC=CCCC=N1,4.772977
C#CCC(C)SCCC(OC)C(C)CO,6.480024
CCSC(O)S(C)(SC)[SH]=O,5.9419985
CC1CN(O)C1COO,7.106597
CCC1[C]CCOC1C1CCC1,6.208111
CCCc1cccscnccccc(=N)s1,4.281304
CC(CCO)CC1NCCONCCC1C,7.87661
CCNCCC(N)(CC)OCNC,8.110534
CC(C)(C)CCCSCCSCCNS,6.043174
CCN(CC)CCOCC=C=CO,5.7021875
OC1C=C2C=C1N2Cc1sccc#1,3.8570862
C=C1CCNNCC(=C)C1C,6.1604433
C=NCC1=CC=[SH]C=NNCNC1,3.6162307
CC(=S)O[SH](CCN)CNCC=O,5.3850503
CCC1=C(C(=O)O)C=C1O,5.0990095
CCCCCCC1CCCC1CCC,9.594055
CSc1ssc(=NCSCS)c1CO,4.4233227
CNC1=CCC[SH]1C,3.7377622
CC(CCCCO)CNCC1C(N)CC(O)C1CN,8.327523
CCN1CCC(OS)SC(=O)O1,6.0127277
CC1CCCCCCP(C)CCCC1,8.564586
COOCOCP1CCC(F)C(=O)C1,7.116605
CCC1C=C2CC(C)SCC2OC1,5.9293733
CCCC#CCCOC(C)CC,7.950893
CCCCCC1CNCSCCC1C,6.689898
CCCC(O)P(O)CCC(C)CC,8.46393
CC1CC2CCC(CCO)CCCC1OO2,8.143256
CC1(CN)OCC(O)CCCC1Cl,8.234828
COC(C)C1CCC1CCCCN,8.068307
CNC(C)OCC(C)C(CO)CCOC,8.144894
CC(C=CC(=O)NCO)C(=N)O,5.0101557
C=P(C)(=N)(NOS)OCC,5.822909
CCC12CCOC(C(O)(O)COO)NCC1(C)C2,8.151149
CCCCNNCCCC(N)CO,7.6471996
CCCCCCOCC(OO)C(C)CCC,7.6457415
CC#[PH]CP(CC1CC1)C(C)O,5.2546754
C=CCC1C=CCSC1C,6.350819
CCCCNC(C)SCS,6.491209
CC(O)C=C(C=N)C=CNN,3.884883
CC(F)=CC=CC(C)(C)C,4.967848
CCCC(C)NC(C=CNN)CN,6.8391848
C#CN(C)CCCCOOC(C)C#N,7.0121946
N=COC1CCSC(O)(F)C1=O,5.820315
CC(=O)CCCC(C)C1CC(C)C1,6.6763773
CCC(CO)PCCPCCO,7.189084
CCCCCC(CC)CCCC(C)CCC,9.786881
CC(C)OCC(C)(O)C(C)CNO,7.7141423
CCCCCCC(C)(C)CCCCC,9.876412
CCCC(CO)C(N)CC(C)C,8.036944
CNP(COC1C=CCCC1)NO,6.426088
N#CCSC1C=CC=C2C=CC2=N1,3.4824796
N#CC1CC1=C1SCC1N=N,5.072647
COC1C2COCOOC(C)C1CC(SC)C2,7.341646
C#CNCC(O)CCCCC(C)C,7.8143926
CCCC1=CCC(=O)CC12CCC(=O)C2C,5.2648525
CCCC=CC=CCCCCCCCCCC,5.4573665
C=NCN1NC12C=CC=C2NCCCC=CCC,4.1039014
CC(C=O)CCOCSC=O,5.915975
CCCCCCCCOCOCCO,9.167863
COSCN1C=CC(=S)SC1,2.983538
N#CC1OC1(CS)CC=CCO,6.6561375
CCNCC=C(SS)C(C)C,4.6934247
COC1=C(C)C(NNC(C)=O)C1,6.4666595
CCC(C)=NC(C)(C=CO)CC,6.1226654
CCCCCNN1NNN(COCCCC)NC(=O)N1,7.0167685
CCCCCC(C)COCC,8.9513235
COCC1CC(C)=[SH]CC1COCOO,3.4270954
C=CC1CCCCCC1N(C#N)CCC,6.7234683
CC=CC(O)CCC=CC1CC1=O,4.8413577
C1=CC2(CCNCC1)CCC1CC12,6.218186
C=C1C=C2C=C(O)C=CC1=CN=CC(=O)OCON2,2.6275904
CC1=CC(N)C(NCCN=O)CC1,4.8493495
CC=NCC(CC)CS,6.2796845
CCCP(PCOC)C(O)P,6.9001074
NCPN[C](O)CCCNNCO,6.8848424
CCC1CC(O)SC(O)S1,6.785815
CCC(C)OCCCCC(C)O,8.872658
CCC1CCCN(O)C(C)OCC1,7.462638
CCCN(C)C(C)CCPNPOC,7.0748415
CCC1CCCC(N)N(C(C)C)COC1,7.5344143
CC1CCCC(C(OO)C(C)C)CC1,7.996215
CCCC1C(C)CCCCCOC1CCO,8.848663
CCCCC1(C)OCN1CC,8.667515
C#CC1CCNCCC(CCC)CCCCC(C)C1,7.4420557
COCC(C)C=NC(C)=NC(N)CCC(C)O,5.8726063
CC1CCCC=CC1C=C1CCCCC1,6.054205
C=CCC(O)=CCC,6.3732758
C=CC1NNC(N)=CCC1O.S,5.380086
C=CCC1C=C2CCC3C(=C21)CN3C=O,3.6631153
CC(CCCCCCCNCC=O)C(N)S,5.3708167
CCC1CC=CC(C)OCCCCCC1,7.0918627
CCCOC1=NC[C]C(OC)=C1,3.2988505
CCCCCC=C1CCCC1CC,6.755807
COC1=Nc2cccc(N)c2C=CC=C1,2.9573443
CCCC1C(=S)C=CN=CC=C=CN1CCC,3.105397
CCCCC1CC=CCC=C1CC,5.2134976
CCNCC(N)C(C)(C)S,6.92601
CC1CCOOC=C=NN1C,4.900578
C=C1C2CCC(C)C(C)CCC12,6.7966805
COc1cccc2c3nc(N)cccc-3c-2c1,3.159914
C#CC1=NN(C)CC(C2CC2(C)C)C1,5.2279224
CCC(NC=O)SC,6.30724
CCC1CC(C(C)CNC)=[SH]CC(S)CS1,4.851952
NC1COCOCNCCC(=O)C1,6.5901985
CCP(CCN(CCO)OO)OCSO,7.5342135
COC(=N)CC(C)N=C=O,7.238371
CC(C=C=CC=O)N=CNNCCO,4.52279
CCCC1CCCCCNNOC1(C)CO,7.7578416
C#CC#CC=CCCCC,4.6132717
CSSC1[C]NCCCCC1,6.127389
CSCC(=CCCN=N)NNCC=O,4.737672
CC=CCCNCC(=N)CCN,6.584452
CCCN(C)C(C)C1CN1CC,7.330992
CC1=CC(=O)C(C)C1,4.8402576
C=CC=C(C)CSCCCC,4.5321074
CCC(CO)C(N)C=O,6.931992
NCC(CS)CCC(O)CO,6.7010984
CC1C=CC=CCOC(COO)C1,5.1368175
CC(CO)C1(O)CCCNCCO1,7.6894507
C=CSC(C)C=NCCCCC,5.4882417
C=C1CCC1NCCC(C)CCN,6.3049164
CCN=CCCCC=CC(C)(N)O,5.379563
CN(C)CCN(O)NC=NNC=CN=O,3.1042185
C=CC(=CSC)CCCSCCCC,4.1240206
CSC1CC1CC=CO,5.7198534
CSC1CCC1C1C=CCCCC1,6.249524
CCCSC1CC(OO)CN1,6.134447
C=CN(N)CC(O)(SC)C(N)OO,5.7518544
CCCNSCC(=O)OS,6.46682
CNC(=CCC(=O)CN)NNNNCO,4.5533705
OCC1CCCCCC2CCCCC12,8.713063
CC1C2CC(N)C(CN)CC=C(O)C12,6.6013193
C=C1C=CCCC(=COC)N1CC,4.9121757
CC#CCCCC(C)C1C#CC1,8.096687
CC1CNCNC(N)CCN=C(N=O)SN1,5.107874
CCCCCCCCCC1CN1CC1CCCCC1,7.791672
CCCCCCC(O)CC,8.891172
CCC(C)C=CC=CCCC(C)O,5.4147515
CCCC(CO)=C(C)C(C)C,6.2686176
CCCC(O)C(C)CSCN,7.1483407
CC(O)PC(=N)C(C)CCO,6.834489
CCC1C2C=C(C(C)F)C=CN=NC1C2,3.636223
CCC(CC)NC(CO)CCCO,8.004109
C#CCNC(CCC)CCCC,7.3069596
C=P(=O)(CCC)(CCO)COC,7.2365494
C1CON(CCCC2CC2)C1,8.452918
CC(OPO)C1(N)CCCC(O)CC1,8.168749
CC(C=O)OCC1CCCOCCCCCC1C,6.899956
OC1=S2C=CC=NC2=NN=C1,3.1793714
C=CCC(C)(C)SCC,6.0657
CCC1CC=CCCC12CCCCSC2,6.2313952
CC12CCOCC1C(CNCO)O2,7.910082
C=C(CCC)S(N)=S,4.95742
CC1CC=C2CCCCCC1CC2,6.4938
CCC1OCC1=C1C=CC1CO,5.7079763
CN=C1C=CCC1NCCCCSC,4.4772687
CCC(CN)=C1CCOC1,5.762138
CCC1C=CCCCC1CCC=CO,5.977468
CC(=CN)N1SC(C)C(O)C(C)=[SH]1,4.0387325
C[C]1CSCCCCCCCS1,5.656922
CC(C)C#CCCC1CC1,7.6736803
CCC(CO)CCCCCCC1NC1C,7.8298206
CCC(CCCCCCCO)CCCC(C)OC,8.638707
CCC(CC)CCCCCC(C)=S,5.44596
CCOC1(OC)OC(O)P1O,9.129459
CCC(CNCO)C(C)N,7.8368816
COC(C)C(CCSC)OC(P)OO,8.378504
CCCC(C)CCC(=N)CC,7.2994127
CCCCC(C)CCCC(C)CN(C)C(=N)O,7.508136
CC=C(CC)CP(C)S(O)=CC,5.8126636
CCCC1C(N)CCCN1C(C)OCC(C)N,7.446109
CCCC(C)N1CCC(CCCC(N)CC)C1,7.819191
CC1CCCCCOCC1OC=CCC=O,5.642789
CCC1C=CN=CCC(C)=CNN=NN=C1,2.498533
OCC1(O)CC=CC=CC2=CC1OC2,3.7588992
CCCN1N=NCNCCC1CCCCON,6.595307
CCC1=NCCC1CC,6.8867497
CCC(CCNOCC(C)(CC)C(C)O)NO,8.1786995
CCOC(CC(O)CC)ON,8.472045
CCCCC(CCC#N)CCC(C)C,8.987724
CCOCC(O)CCC(CP)NC,8.123896
CCCC=CCCCCCC=CC1CC1CC(O)CC,6.097011
CCN1CCCCCCC2=CC2NC1,5.5148077
CC1CNCNC(C)(O)CC(=O)C1CC(O)O,6.218407
CCCC1C=C1N=CNNN(C)CNN,5.420716
CCCC1=C(CC)CCCCCCC1CC,6.376606
NC1=NS[N+]([O-])=C(O)S1,2.7113225
CCC1=CC=C2CC(=O)C1=CN(C)O2,3.1422622
CCC(CC)C(NC=O)OC,7.537134
CC(O)C1(CN)C(=O)CON(C)C1(C)C,7.198535
CC1CCCNCN2CC(CO)CCC2C1,7.1755033
CC1NC(CNO)C[N+]1(C)[O-],6.513924
C=C1CCC(C)C(C(C)OCCC)CCCC1C,6.588946
CC1CCCCCSC(C)C1,6.763683
CCC1NC(CN(C)F)CC1C,7.6592884
CC(C)C(CCCCN)OCCN,8.144802
CCC1SCCCN(CC)CSS1,5.4584146
CC1C=CC(C=CCC(N)CN)C1,5.6656275
CC1(C)COC[PH](C)(C)C1,8.307758
CC1CCCCCNCCS1,6.7449503
C#CCCPCCCP(C)C,6.7829633
C=NCCOCCNCCCCC(C)CCC,6.39678
CN1CC=CC=CC=CC2=CC=C21,2.8561933
CCC1=C(CCSCN(N)COC)C=C(C)C1=O,4.4402137
CSC1CCSSSN=CC(=CO)O1,4.5589514
CNC(=O)CCC1=CNNC(C)=C1,4.364684
C=C(CCCCO)NC,7.0481787
CCC(C)C1CNC(CC)C1NC,7.743946
C=C(CCCOCCC)NCCCCN,6.8015103
C#CCCC=CCC(=N)N,5.992981
CN(C)COCC(C)(C)CCC=O,6.482662
CCCN1C=CC1NC1=NN=C1NC,4.345765
CCC(OO)C(N)CC=NCCC(C)C,6.307075
CC(=O)NOC1=NC(=N)NN(C)CC1,5.494641
CCCCCCCC#CC(C)COCC,7.6663094
NOCN1COC(=O)N1,7.8935585
CC=C1C=C=CC2CCCC12,5.4294944
C=C(CC=N)C(CC)CO,6.174089
C=CC(=C)NSCOC,4.9348307
C=C1CCC(NC)C1(C)N,7.054678
CN1C(CC=N)CC1NC=O,6.6793694
C=CSCCCC(C)CCN(N)C(=CCC)CCN,5.4519534
CCCCC(CC=S)=NCOC,3.9530346
CCCCC(C)(CCC)CC1CCCO1,8.701351
CC(O)NCCCC(O)C(NCC=N)OO,7.172817
COC(SCNCN=CO)N(N=O)SN,5.5774975
CCC1=CC=C=C(C)C(O)=N1,3.980318
CCOCP1(=COC)CSC1,6.57293
C.C=CC(C)C=N,4.8548703
COC1CCN(C)CC(O)CN1O,7.399018
CC(C)CC(C)CSCC#[SH],6.2385817
COC1SN=CC=C1S,4.4573836
CCCC1(C)CCCCS1,6.962796
CCC1CCC(C)(N)OC1C=O,7.044368
CCCC(OC)C(CO)CSNC,6.5744214
CNC(C)CC1CC1COC(C)P(C)C(C)C,7.948311
COCC(CNCC#N)NOCC(C)C,7.237888
C=C(CCCOC(C)C)OCC,7.0059643
CC=C(N)C1(C)CC(CCCCCC(C)CN)C1CC,6.8561506
CCC(COC)C(C)NC,7.8144794
CC[PH](O)(O)COCC(C)SC,7.6309958
NCC(=S)OOO,4.177616
CC1=C(C)C2CCCC(C)(C=N1)CCC2,5.673517
CCCCCCC(C)OCC(CO)OC,8.763872
CCN1CCCCCOC1,7.6044817
CCCC1CCC2CCNC2(NCN)C1,7.7709775
CCCC1N=CC(N)C1C,6.6617947
C=C1CCC(O)=C(CC(C)CCC)NC1O,5.623085
C=C(C)CCNCCCCCC1=CCO1,5.250152
CCC1C=CC=CC(CO)C(C)(CC2CC2)CCC1,5.437744
S=CCC1CSCCCC1CS,5.3133187
CCO.CCSC(N)SCO,6.3841043
CCC(CC)C(CN)C(C)(O)NOC,7.7968087
CCCC(O)CNC(=O)CN=CC1=CC=CCC1,4.598887
CN[C](C)CNCCC(C)C,6.651171
CCCNCCNC(NC)SS,6.381507
O=C1CC2OC2=N1,4.2757144
CCN1CN=CC(S)NC1,5.3369417
CCCC=CCC=NCC,5.7031484
CCC=C1CC1=CC=CCCCCC,4.5549045
CCCCCC1CC(C)C1=CCC=N,5.4805484
CCN=NNC(C)OONC(C)OCC,6.6047025
CCCCC1C=C(N)C=CS1,4.964541
C#CNCNCCC(CCC)N(CC)CO,7.262039
CCCC(CN)(OO)OC(C)NC,8.180949
CCC1OC1CNCC1C(C)C1(N)CC,7.5713153
CCC1CCNCP(N)C1F,7.278625
NCC(O)C1N=NC=NN=C2C=C1CCC2,3.087378
CCOCN(C)C(C)N(CCO)COC,7.519092
CCCC(CC)(NP(C)CC)OP,8.438685
CC(COPOO)C(C)(C)C,8.07527
CCCN=C1CCC2(C)CC=NCCC12,5.72396
CCCCCCC1=C(CS)C(OC)=C1,5.3409276
CCCNCC1=NC1CCNC(C)=N,6.6004906
CCN(C=O)OC(OC)C(C)=O,6.0044837
CC=NCN=CCC(C)CN,5.6637344
C=CC1CCN1[C]C,5.35661
CCCC(N(CC)OC)[SH](C=S)CO,6.0513654
CSC1=C(CCCO)C(O)N1N,5.1370134
CCC(N)CSCCSN,6.355698
CC1CC(C)(O)C2CCCCC2O1,8.7853
CCCCCCOCCCCC(C)N,8.367468
CCNNOCOP(CN)C(CC)CO,8.047321
CCOC(N)CCOC(O)OCN,8.675612
CCCCC(COC)OCC(C)CC,8.76904
CCC(COO)=S(O)CC,5.2847295
CCCC1CC(C)CCC(CN)CC1CC,7.576981
C=C1CC(=NC)CC=NC(O)COS1,5.2691936
C=CC1CCN(C(O)C(O)NNCC)C1,7.195635
CCC1CCCCC(C)C(C)C1=O,5.86556
CCN1CC=NC1NN,6.898948
CCCCOCCCCCC1CC1CC,8.999849
CCCC(CC)C(C)CCOC(C)C,9.112601
CN(C)COOCNNN=C(N)CCCCN,6.5406427
CCC=CC1=CC(C=CCC)C1,5.629352
C=C[SH]1CCC=CC1SCO,3.2560635
CC1C=C1CS,6.2230573
CCCCCC=CC(=S)CCOS,3.2384288
C=CC1=CCCSCC1CSN,4.139619
CSC1SCSC(CCN)NC1C,5.970674
C#CC1CCCC1C(C)C=S,5.0988197
C[C]=CC(N)OC=NNCC,3.4564755
C=CC1C(=N)C1=CCNN,4.6361985
CC1CCCCCCC(CC(O)C#N)C1,7.946003
CCCC1OCC2(C)NCCC(N)CCCCN12,7.319495
CCOC(CS)CCC(C)(C)O,7.1211877
C=C=C1CCCCCC(CC#N)(CCC)C1C,6.870143
CCN1CC=C(C(O)OS(=O)OO)CSC1,5.944471
CC1=CC=CCC(C)(O)C1,5.418598
CCC=CCC=CCCCNC=CCCCC,5.5104666
CC1(CO)CCCCCCOCCCCC1,8.676651
CCCC(COC)C(CC)COC,8.829626
CC(CONC=O)N(O)C#N,6.6345134
CCCC1(C)COC1(C)CCO,8.244026
CCC1CC=CCCC(CC)CC1,6.9756393
CC(O)CCCCCCCCN,8.119592
CCN(O)C1(C)CC2=CC=C1C2,4.7987823
CCCCCSC(=O)CC#CCC#N,5.1407347
CC1=C(CC2CCCN2C)O1,6.878527
CC(CC=S)CCN1C=CC1=N,4.2717147
CCCC1C=CC(=N)C1S,4.568525
CN1CCCCC1S1(C)C=CN=N1,5.0612035
[CH]CCCOCC(C)(C)C,3.7886367
CCCCSCCCC1CCCCC(CO)S1,6.1193814
CC1CCC=CC(CC(=O)O)C1,6.3923526
CCCCCCC1CCCC=C1SCC,5.730915
C=CN(N)NOCC(C=O)C1=NCC=C1,3.4056778
CON(C=N)C1=CC(CCN)CC2C=C1CNC2,4.3518786
CCC(CCCNC)CC1CCCCN1C,7.5916286
C=CCSNC(C)C(C)C,5.760315
C=CCCC(C=CC)CN[SH](N=O)NN,4.1218553
CC(C)CCCC(=O)CCNC(N)NNN,5.8011136
C=C(C)CCCC(C)C1CCOC1,7.131313
C=C(OC)C1=NC(C2CO2)CC1,6.595556
CCCCC1NCCC(N)NNNCN1,7.1750836
C#CC1C(N)SC(C=C)C1COC,5.305763
CCCCOC(=N)CCCCCC(CC)CC,7.264974
CCC(C)CC(C)CC=[N+](C)[O-],4.4027596
C=COCC[SH]1CSCCSNC1=C,4.394259
CCC(C)CC(N)NCCNCC(C)=O,6.7302895
CCC1CC(=O)C1(CO)CCO,6.178869
CC#CCNCC#CCC,6.1569657
C[C][N]OCCCOCCN,5.643051
CCCCCC1(O)C(C2CN2C)=CC1C,6.361266
C.C=CC(CC)CCCSS,4.5965433
C[C]CCCCCC(C)C1=NN[N]1,4.0964675
CCCCCCNC1=CC=CC1=S,2.7643917
CCC(=N)CCC(C)N1CC(CN)C1,5.8451514
COCC(O)C1C=CC(C)C1,7.1041093
CC=CC=NCC(C)C=CON,4.7938046
CCCN1C=CC=CN=C=CC1,4.7033634
CC(C)n1ccccn2ccccc2c1,5.141397
CC1C(CSC(O)OOO)OC1(N)O,7.096943
COCCCC(=O)OC,7.317337
CCCCC1(C)CC(NNC(C)(C)CC=O)C1O,6.769012
CC1(C(=N)O)CCCCCNC1=N,6.614909
CS(=S)CCSSOCCCSS,3.6168327
CCCC(CNC)C(CO)C1=CC=C1,5.5528564
CCN(C)CCCCC(=O)C(C)C,6.1654186
C=NC(O)NNCCSCCNCC(C)CCCC,6.353218
COC(C)C(O)(O)CO,8.767856
C=C(N)P(NN)PPC(C)S,5.1325126
CCOCCCC#CCC(C)C,7.667101
COCOOCC(C)C,8.9161825
CCCC(O)CCCCC(C)CCS,6.941659
CC1OC1(O)N(C)CCCC1CC1,8.241683
CCCCC1CCCC(C)C(OO)CCC1,8.589887
CCCC(P)C#CC(CC)OC,8.396878
C1CC2CNNN(NSC2)O1,6.617892
CCCCCCC1CCCC(CNCCO)CC1,8.045473
CCCC=CC1CC1C,7.1283426
CCCCCCCc1cn(SC)[nH]1,6.607942
N=C1CCC2=CCCCCC2C1,5.857941
CCCCCCCCCCCNCC.O,8.054864
CC1CC2=CC1(C)C1(C)COCC(CCNN)C21,6.035539
CCCCCSC1CCCCC1=N,6.184746
CCC1CCC1C(CC)COC,8.482261
CC#CCCCCCCC[SH]1C=[SH]C1,3.807246
COC1=CC=CNC1(C)NC1CCNCS1,5.06662
CCC1CCCC(C)C1CO,8.591764
CCNC(=O)N=CC1CC1(C)N=N,4.5825167
C=C1C2CCNSCCSSC12CC,5.78155
CSNC(=N)C(CN=O)COS,4.2248335
C=C=C1C=CCCC=C1,4.591531
CCCCN=CCC(O)CN(N)N,6.5000544
COC(CO)CCC(C=O)COO,6.595895
CCCN(CCC=CCOC)CCSCC,5.9951572
CCCCCCCCCC(=S)NOCC,5.9498253
C=C1CCC=C2CCC(O)NC1CC2O,5.133952
CCOC(C)CC(C)CC,8.928094
CC(C)(N)C(O)N(N)CCCO,7.4802976
CCOCP(N)C1NCCCCC1CC,7.7196736
CCCCCCCCCC1OC1CCC#N,8.210282
C#CN(CCCC)CC(C)OCOCC(=C)CO,6.3040085
CSC=CC(C)(C)C(C)=CC=S,3.6223671
CNCCCNCCCCCC1=CC=C1,3.997322
CNN1C=CN=CCNCCCCCCCN1,5.0131497
CC1C=CCC(C)(C)CCC1,6.78338
CCC(C)(N)CC(C)OC.CCN,8.060262
CCCC1SCCCC(C)C1CCl,6.8715262
CCCC(C)OCCC(CC)CN,8.2629385
CC1(CCCCCO)CC1,8.718562
CCOC1(C)CCSCCC12CCC2,6.3846645
CCC(OOO)C(C)(N)CCOC,8.037779
CCCCCCC(CCC(N)C(O)CCCC)NC,7.888107
CC(CC#N)CCCCCNO,7.99641
C1=CC(NC2C=C3CNN32)C=C1,4.638132
C=CNC=CCOCCOO,5.5160494
CNCCCCON1C=C(CN)OCCC1,6.615841
C[SH]1C=COc2cc(F)ccc2C1,3.7118597
C=C1CCCCC(O)CCC=C1NNC,6.161682
CCC1C=C1CC(C)CCCC#N,6.2561665
CCC1CC=CCC(C)C1C=N,5.8179345
CCC1CC(CC=CCCOC)C1,7.065536
CC=CC=CCC1CCCCC1C,6.054458
C=C(OC)OOCN=C1CC1CNN,5.0288
C=C(C)C(CC)=C(C)CCCO,6.1517944
CCC(CCCCO)C1CCC1C,8.81329
C=CC(CNCC)NCCCOC(N)N,6.7121105
C=CCCC1CCCC(C)C1=N,6.612694
CCNC1=CC(CN=N)NNC1,5.291358
CCOC(=O)C1CC(COCCN)CN1,7.689381
C.CC1CCC(O)N1CC(F)N(C)C,7.7891555
CCCNC(C)C(C)C(N)NNC,7.001961
CC(CNNO)CC(N)=O,6.396848
CCN1CC(NC=O)C1=O,6.5222793
CCC(C)CC(CCCCO)OCO,8.713077
CC=C(CN)N(CF)C(N)O,6.317701
CCCCON(CCC)C(C)CCO,7.7388277
CC(C)CC(C)CN(C)C=O,7.0014415
CC(C)(O)CCCCNOCCN,7.794154
CCCC(CC)OC(C)OC,9.010816
CCC(CN)(CN)COC=NCC(C)C1CC1N,6.669778
COC(O)CCCC(O)C(C)COOO,8.232553
CCNNCC(CNNC(C)=O)C(C)(C)C,5.7057385
CCOC(NCC(=N)N)OC,7.350155
CCCOCC(CCCOC)OC(=O)CC,8.103603
CCNCCCC(=O)OCC,7.0304666
CC1=CCCCC1(O)C=O,5.428569
CC=C1CCCC(OC)CCN=[SH]C1,4.7041926
CCCCNC(CC)CC1NOCCS1,6.424345
CCC1CCCCCCCCSC(=O)C1,6.1635137
CN=C1OCC(=O)N1CC1=CC=C1C1CO1,4.010526
CC(=N)CC(C)O,6.6901345
CCCCC=C1NC1NCC,6.393048
CCOC1=C(C)SSC[SH]=CCSC(C)SS1,2.6259856
CC1CCCNC1(C)CS,7.0334735
COCCCC(C)C(C)C(O)OO,8.7144165
CCC1C2=C(C)CCNCCCN(N)N21,5.698001
CCC(NCC1CCCC1C)OC,7.9442015
C=C1NC=CC(CCN)CN=C1CC,4.766303
CC(CCCC#N)C1CCCCCC1,9.214111
C.C=CCCCC,6.8927717
CCN1C=CC2=NC=CC=CSC21CC,3.0340064
COC1CCCCCC(O)CCSCSC1,6.4155083
CC1SCC=CC(S)=CC=CC=C1CS,3.4513288
CCC1CCC(OC)C1CC,8.874146
C=C1OC(CCc2ccno2)=NC1C,5.5760117
C=CC1=CC(=C)C=CCC1CC,4.2395325
CC(C)CCC(C)CC(C)F,10.047546
CCCC(=O)N1CCC(N)CCNN1,6.5212283
CC(O)C1CN(NNO)C1(C)C,7.100032
CCOC(=N)CCCC(O)NCOC(C)CC,7.5242677
C=NC(S)N(CC)CN,6.544096
C=C1OC(CC)(C(=N)CC)O1,7.0945754
CCCCC(C)CC(=O)CCCN,6.3866
CCC1CCCOCOCC1C,8.9243355
C=C(COC=CCC)OCC(N)=O,5.9694505
CC1CCCCC2CNC(C1)C2,7.309359
CCCC(C)C(C)COCC(C)CC,8.832445
CCNCCCSCCC(C)C=CCN,6.186927
CC1CCC=C=CC=CC=CC=CCCNC1,3.952914
C=NOC(C)CC[SH](N)CN,6.5789576
CCC1CSN=CC(C)C1,6.0092535
CSC1=C=C(CC(C)C=CN)C1,3.7200503
C=CCCNCC(O)CC,6.7634907
CCC(C)C(O)C1C(C)C1C,8.579688
CCCC=CC(C)(CC)OC,7.034569
C=CCOC1SCN(NC)C1=O,5.790199
CC=CCNSCC(CO)POC,5.515827
CC=C(N)CC=C(C)C,5.8234773
Cn1c(Cl)cccc(F)cnc1S,5.283905
CCCC1C(C)C1(C)CC,9.208144
CCC1CC=CC(NC)C(CONO)C1,6.4601574
C[C]CNNC=CCCSCC,4.069144
CCCC1CNNCN(C)C1NN,7.5614796
N#CC1COCCCCCN1,7.670864
CC1(NNN)CC1C=O,6.8287706
CCCCCC1(CCO)C=C1CCC,6.7731314
CCCC(C)CCCC(CC)CCCCOC,8.926891
CCCC1CCC(CC)(OO)CC1C,8.177186
CC(N)C1[CH]NCNN1,7.327058
CC1=C=CSC2SCCCC2CC1,4.8747263
CC(O)OCCCCCCCCNP(C)CO,7.771464
C=CCOCC(CC)CCC(C)C,6.9981427
NC1=CC2=C=C1NCC2N,2.7821352
CCCCC(CCC(O)C(C)=N)OC,7.1452584
CC1=C(C(CN=N)OCCO)C1NO,5.810852
NCCCC1=CNC1=O,4.7089014
CCCCC(C)CC(C)CCC,9.769427
CCP(O)CCCOCP(C)C,7.6567903
COC12CCCC(C)CC(O1)C2C,8.312665
CCOC(=O)CC(C)C(C)C,6.9706717
CCCC(CCCC(CN)OC)OC,8.404686
CCC=CCCCC(C)CCC,6.9897
COCCCCCC1CC1C,9.086278
COCC(C)CCCCC1N[C]1C,6.6010427
CCC(O)C(C)(O)N(C)S,7.206612
CC(=O)C#CCC(C)CCCN,5.4051743
CC1CCC(S)=[SH]C=C1[SH](C)CS,2.8925266
CC12CCCCCC1CCCCP2,8.285562
CCC1(OC)OC=CC=C1O,5.507594
O=C1CC=CCC1,6.4274282
C=C1[C]CCCNCC1C,4.8336673
CCC1CC=CCC1CC(C)=O,5.578722
CCN(C=NCC=CN)C(C)N=O,3.6779075
COC(CO)C1CC(C)C1CN=N,6.337219
CCC1=CC(CN)CCCNOC1CC,6.3595004
CCC(O)=CC1CN=C1CC1(C)CC1,5.9394445
CCN1CCCCN=C(CCN=O)ON=N1,3.6901784
C=CC1CN=CC1OCC=CCCS,5.1679263
CCC1CC=C1C,6.6332793
CSC1CC=C(C)CCC1C=O,4.991801
CC=NNC(=O)CNCC=S,4.4926386
C=C1C(CC)=CC2=CC=CC=C1C2C,3.7602303
C=C1CC=CNCC(O)N=C=NN1C,5.3592796
CCC(O)CCOC(C)CC(O)OC,8.534504
CNCCCNC1CCC(CCO)C1,7.2456098
C=CC(CCO)OCC.CCN,7.5282383
C.NCCCCCOCCCN,7.7969375
CCCCC(C)(C)C(CC)OC,8.945075
CCCCC1C(C#N)C1(C#N)CN,8.04177
CCC(C)C(N)C(O)CNNCCC#N,7.2195244
CNC(CCl)CC(C)CCCC(C)C,7.9123654
CCCC(CC)OC(C)CC(C)COO,8.67508
CCNCC(C(C)CCO)C(C)(C)CNC,7.4102497
CCSCC(CSSOC)NC=CCS,4.8285246
CCC(O)C1CNNN=C(O)C1,7.1668396
NNC1=CC=CC=NCC1C1CCC1,3.5299044
CN1CC1CC(C)(O)C(=O)C=N,5.106457
COC(CO)C(=CC(O)CO)SC,6.4170136
C=C(C)COC(=O)C(CC)OC,6.80197
C=NCCCCCC1CCC(C)=COC1,5.836843
C=CCC1CCCC(CS)=CC1C,5.975934
CCC1(C(=O)SCCC(C)F)CC1,6.2991056
CCCCC(C)(O)CCCC(C)F,9.621735
CC(CO)N1PN(N=O)C1(C)N,6.088918
CC1(SSSCSCO)CC1,5.35646
C=C1CC(C=O)=CC(OCC(C)CCCC)C1,4.873928
CCC(NC)C(=NNC(=O)OC)NNC(CNNO)N=O,5.112709
CC1=CC(NCCC(CN)ON)C1NCNO,6.6946216
C#CC=CC(O)C(C)(C)CC,6.702353
COC1C2CCCCC1(C)O2,8.599694
CCOCCCCCCC1CC1,9.237776
CC1OCCCCC1CC1CCOC1,8.854856
CC(C)CC(C)CNCCCCCCCCN,7.650816
OCC1CCC=CCCC=CCCC1,6.4327855
CCC=C1C(=O)N(C)C=C(O)C=C(C)C1CO,3.957902
OC1=CNC(N=NC=S)C1,3.035426
CCCCC=C=NCCC,6.5667624
C=C(O)C1C(=O)OCC1CCC,6.398149
[NH]CN(CCC=O)CCSC=N,3.4759126
CCCNSCCCCSC1=CC=CSCS1,4.276807
CNC=CC1CC(C=CCO)N1C,4.276594
CCOCC(O)=C1NCC1C(C)NN,5.526768
CCCCCCCCCOCNCCNCCCN,7.7068048
CCCCC(C)C1(C)CC(CCSN)C1C,6.8499002
CCC(CO)CC1=NOCCOC1CN,6.8835635
CC(CCC#N)CNC(C)CN(C)CN,7.8487053
CCCC(CCC)COCC(C)CCCO,8.730906
CCCSC(C)(C)C(Cl)CC,6.868913
CCOCC(C)CP(C)[O],6.649005
CCC(C)=C(C)C(C)OCCCCO,7.100277
CCCCC(C)CC#CC(C)(O)CCC,7.872923
CN(CS)CCNNSCSN,5.99838
CCC1CCCC(C)(CC)C(C)CC1,9.571152
OCC1CN=CC=CC1CN1CC1,4.467553
C=CC1COCC(C)(C)CC1=O,6.0582266
COCC1CCOCC(C)C1,8.720802
C=CCSC=CCCC(C)=CCCC,5.533434
C=C(C)COC12OC(C)CC1C2CCCOC,7.743288
C=CCCCCCCCSC,6.3634934
CCCNNCCCC=C=COCCC#N,5.324525
NCC#CN=C(N)[O],4.917457
CCCCC#CC(O)OC,7.9983516
CCC(C)(C=O)C1=CN=CC(N)=CC=C1,3.2177906
CCC1CSC2CC2C1,6.5080204
CC1CCCCNOCCCOCCCC1,8.173381
CCC1CC=CC=CSNCCCCC1,4.8433123
CNC(COCCCNOC)N1CCNOCCCC1N,7.0957956
CCOCC=CC(=O)C(=O)O,4.284236
NOCC(F)CCC1SCC#CCCC1SN,6.17314
C=CCNCCNCC,6.514173
CCC1CCCNCC(C)C1,7.5665455
CCC1CCCC(C)CC(C)C1C(C)=N,6.6944427
CCC1CC(COS)(OOC(C)CO)C1O,7.6887765
C=CCC(CC(C)CC)OCCCOC,7.1414046
COC1[C]CC=CCN[C]1N,4.6727743
N[C]1OC[C]1CCOC1CC1CCO,3.9593892
CCCCCNC=S,4.663501
CC(CN(C)[C]C=N)NNC(C)N=O,5.299937
C=C(C)CC[SH](C)CCCCCCC,4.347816
CCCC1CNCCCSC1CC(C)CNCC,6.867514
CC1(C)CCCCCCCCCCC1N,7.9103146
COCCOCCCCC(C)N,8.33689
C#CCCCCCC(C)(C)C(C)O,8.161857
CCC(O)C(C)CC(=N)N(C)ONOO,6.985514
COC(O)C1=CC(C)CON=CC=CN=C1,3.8818016
CCC1CCCCC1C(C)C(=O)NCO,7.0358725
CCOCCC1CC(C)C1O,8.767002
CC(CO)COC(CCO)S[SH](C)C,7.212635
CCC1CCCNSC(CCCS)C1,6.1804886
CC1CNCCC(O)C(C)C1O,7.598224
CC(O)CC1CC(=O)CNCC1O,6.5011573
CCC(S)CC(C)(C)O,6.9151545
CCN(C)CCCCCCCOCO,7.8023896
CC1CCC=C1OSC#N,5.363926
N=CCC(=N)C1CC(=O)CC1=N,3.9084778
C[C]C=C1CCC1CCC,3.6503296
CC1=CCCCCCCCC1CCS,5.3783803
COC(C)CC(C)CC(N)ONC(C)C,8.376957
C=C1CCCC=C1C1CCCCC1,5.8169165
CCCC1CNCCCC(=C=O)C1,6.5968924
CCCCC(C)=CC1CC1OCC,6.239532
CCC1=CCCCC=CC(=O)C(F)N1O,4.1072354
CCC(CC)CCC(N)NNCC(C)O,7.7451572
[C]CN(C)NC1(CC)CCN1C,6.369659
CCSCC(N)OCCC(=CCN)OC,6.540619
CCOC(CCO)(NC)C(N)CC,7.9901834
CCN(CC)CNC(C)NO,7.9303226
CCCCCCCC(C)NOC,8.272884
CCC(C(C)=O)C1(O)CC(C(=N)O)CCCO1,6.577384
CCCCC(C)CCOC(CC)CCC,8.944476
CCOC(C)(O)P(P)[SH](O)O,7.0101132
CCCOCC(O)(NC=C(C)O)ON,7.2171555
CCCOC(C)(C)OCCC(C)C,8.954907
CCC1=C(OC)C=NCCCCC(C)C1,5.2341485
CCCC(CC)SCC1CCCOCC1,6.630782
C1=C2COCCCCC(CCS1)C2,5.6370153
CC1CNCCNCCCS1,6.7500525
CCCNCCCSCC(N)(O)CN,6.8270326
CC=C(CC)S(N)=O,5.9129014
NC1=CC=CC=CC(=O)C(=O)NNC1,2.4945843
C=CC(C)CCCCCCC=O,5.8243923
CCCC(CCO)CC1(C)CCCCO1,8.637915
CC1=NCCSCC=C(CO)CCC1,5.2432575
CC1C=CCC(C)(O)CCCC1,6.795573
CCCCCOC(C)CCC,9.018171
C=C1SCC#CCCCC1CCCC,5.3160095
CCC(NOCC1CCCCO1)SC,6.5243955
CCC(OC)C(C)(CCO)NOPOO,8.595626
C[C]1C=CCCCC1CCCSS,4.695833
C=CC1(C)CCCCC=CC1CC,6.292945
COC1=CCC(C)(OO)C(=N)C=C(O)C=C1,4.311848
CCC1(C)CCNCC(N)CC(C)CO1,7.44394
CC(CCSCCNC(C)CCO)CNO,7.054237
CC=CC(C)C(CCN(O)CC)C(N)CC,6.6434374
CCCC(C)COC(CCCCCOOC)OC,8.82669
C#CN(C)CCCNNC(C)(O)O,7.371656
C#CP(CC)SCCC,5.917764
CCCC(C)OCC(C)CC,8.851114
CNC(C)(CCCN)CNCCNNCO,8.030419
CNC1CCCP(CN(C)C)PCO1,7.4794374
CC1CCCNC(C)(CN)OC1,7.8032284
CCC1=NCC(CC)CC=CCCO1,6.2028155
C=C1SC=CC(S)=CN=C1CO,3.8197289
CCCC1C(CC)CC1CC,9.735252
C1=CC=CC2=NC=NC=CC=CC=12,2.6621099
OC1CCCCC(CC=CCS)CC1,6.6843343
NCC1CCC(N)NCN(N)NC1,7.2314186
CCCCC=NCC(C)C=C(N)O,5.8697653
CC1OC2=CC(=O)C21.O,5.6368637
CCC1CCC=CCCCCC1,6.711552
C=CCCCCSCCCC(N)SC=S,5.421923
C=CC=C(C)C1=CC=CCCC1,3.9353273
CCCCCCCCCCCCCN,7.9085593
C=C1OC(CCC)C=C1CP,5.015347
C.CSCC1CC1CCOC(C)CO,7.0945153
N#CCNCCC1CCCOCCCO1,7.6076646
OC1CC=CNCSCC1,5.4159417
C=CCSC=CCCCS,5.703145
CCC(CS)SCCC[SH](C)CC,5.2923164
CCN1CO[N+](C)([O-])N1C,6.380962
C=C1CCC(C)C2OC=CCC(O)[SH]2CSC1,3.3653321
CC(O)CCNP[PH](C)=N,6.194479
CCC1CCCC(CC)N=CSC1,5.9520397
CC1CCNCNCC(C)C1,7.5287066
C=C(CC=NCC)CCC(=O)[SH]=C(C)C,2.8721576
CC(C)=C1CCCOCNC(CN=N)N1,6.241577
C#CCCCC(O)CCC1CCCN1C,7.531263
CCCC(CCCC(O)CC)C(C)=O,7.0047417
CCCOCC(N)OC(C)CCOC,8.356565
N=NC(N)(O)C(CO)N=O,5.063875
CCC(O)OSCOC1(OO)COC1,7.546609
CCC(CO)(OC)C(C#N)NC,8.091102
CCC1=NC12CNCN=NCN=NC=CC1=CC1=NN=N2,2.2059252
C#CC(CC=CC=CNC)C(N)(CC)CN,5.311159
CNC1CCCSCCCC(C)CCC1,6.5301948
CCC(CN)NCCOO,7.276543
C=C(CCC)CCC(O)C#N,6.8736763
CCC1CCNNC1NS,7.1623178
NC1CCC=NC1CNCCO,6.761297
CCC=CCCCC(C)CC=CCCCO,6.083576
C=C1C(C)CC1CC1(C)C(O)N1O,7.186434
NCCC1CSC1C=O,4.853116
CCCCCCC1SCC1C1=CCCO1,6.235802
CCCCC(=O)SC,6.2301426
C=C1CC1CNC,6.971309
CCCCCC=CCC(C)C(N)CSC,5.7026377
N#CNSCC1=NCNC(=N)CNNC1,6.0466666
CC1=C=C(C)C1=CCC=CO,3.8588552
CCCCCC=CC1CCCCC1CC,6.80534
C=NC(C)CCCC(C)(C)C,6.310113
C=NC1C=C(N)C(C)CON1,5.964804
C=COOC=C1CC(C)C1C,6.4908495
C=CCC=CC1[C]CO1,3.8526514
CCCCCC=CC(CC)NCC,6.9230866
CCCCCCCCOPOC,8.07314
CCN(C)CCCC(O)NC1NC1S,6.892712
CC1C2=CC=CNN=C=C(CN)C=C21,3.4147391
C=CCC1=C(SN)C1,5.5053554
C=CCNNCCCC(=C)NCCO,6.8836613
CONCCCC=CCC(O)CSO,5.128056
CNCC1=C(N)C(N)(C#N)C(=N)C=N1,4.1896544
C=CC1NCC(=C)CN1CCCO,5.714763
CCOC(=O)COCC1=CC1S,5.6923184
C=CCCCCC(O)CNNC,6.9636345
CCC(O)OCC1CCCCNCC1C,8.021992
CCC1=C2CCC(=O)OC(C2)C(C)=NC1,4.848256
CC1CCCCCCNCC1C,8.010243
CC(=O)CCC1=C(C)CCCCC(N)C1,5.9175224
CN1CCNCCC[SH](C)C(=S)S1,4.0789533
CSC(C)CNCC1CCCCCC1,7.1673408
CC1=CC1SC=NS,4.817304
COCC1CC=CCC(C)CCC1,6.900733
CNN(C=O)COCOCCCCN,6.507151
CC1=CCCC=C(CC(C)CCCO)NN1,5.2903295
O=CC(=CCNCCO)C1CCCCO1,4.83313
COC1=CCC(=C2C=CCCC2)C=C1,3.7309787
COC1=CN=CCC1=C1CNNC=N1,2.9721465
CCCC1=NC1CC,6.5963955
C=CCCC1=NNN=CC(=O)CCC1=C,3.4596434
CC#CCCCCC(C)(C)NN,7.303246
COC(=PCSC)C1C[SH]1C,5.5647774
C#CC(CC)CCC(=C)C,6.861325
CCCCC(CCC)NC,8.1532755
CCOCOC1CCOC1CC,8.931351
CC(CC=O)C1CCC(C)(N)CC1,6.664355
CCCCCC(C)=CC(C)C,6.981858
CCCCCCCC1CCCCC1CCCCC,9.583106
CCC(C)CCCCCN1C=CCCC1,6.518417
CCN1CC(=O)SCC1N,6.397152
CC1CC(CC=O)COOC(ON)C1C,6.5657945
CCCCC(C=O)(CC)OCO,7.2242546
CNCCCNCSCC(C)COO,6.0014167
CNCC=CCOO.O,5.9473505
CCCCC#CC(C)C=CCCCCC,6.4243555
CC1CCCC=[SH]CS12C=N2,4.384736
CCCCCSC1C2CCNC1NC2,6.521584
CCC(O)C(C)CC(C=N)NC,6.7779193
CONCCCN(C)C1CCCCCN1,7.8720617
CCCCCCCCCOC1CCCCCN1,7.9536276
CCCC(CCC)C(CC)CC,9.947532
SC1=CSCCCCSSCCNC1,4.256244
COC(C)CC(C)COCC(C)=N,7.2879558
N#CC=[SH]CN=C(N)CCO,4.1175594
CC1N=NCC2CCCN1ONC2,6.6250887
CC(C)OC(O)CC(CCO)CC(=O)C(C)C,8.015577
NCCC1CCCC(S)C1,7.269717
COc1c2ccccccc(O)ccccc1C=C2,3.7243156
CC(C)COCC[SH](CS)N=O,4.8903036
COCCC1COCCC(CCO)C(C)CO1,8.307116
CSSC(=O)C1=[SH]C1(C)CS,3.5152311
CCCCCC1C=CC1C1CC1S,5.9124546
NCCC1SCNC[SH]1CON,5.443685
C=CCC=CC(C=C)CCCC,6.2286973
SCC=NSCOCCN1CCSCC1,4.1969132
CCCCC1=CNCCC=CCCCS1,5.168428
OCN=COC1C=CCNNN1O,4.8976207
CCC1CCCNC(C)C1C(C)(C)C,7.6255302
CNNc1nc(OCN)c(CC(N)CO)n1N,5.7433615
C=CC1(CN)C(=C)C1C(F)CC,5.258635
C=CCCCCOC(CC)C(C)CN,7.0210075
CCC1(CNCCN)C=COOCCCC1,6.9916906
C=C(CP)CSCCNC.O,6.2818108
CCCCCCC(C)(C)OCCOC,8.6488285
CCCCCC#COCCOCOCO,7.902928
CCCCCC1CCCCCC(N)COC1,7.9442453
CN(O)C(COO)C(N)CCN,7.2116456
C=CCCCC(CC)C1C(=C)CCC(C)C1O,6.087471
CC1[C]SC(P)C(C)C1C,4.230663
CCCCCNC(CNCO)NC,7.7981462
CC1CNC(CO)CN1CCO,7.911561
COCCCCSCC1(O)COC1OC,6.8980627
CC[PH](OON)=C(COC)OC,6.527016
CCNCC(OO)C(O)COC(O)C(C)CO,8.272905
CCCCCCNNC(O)C(C)=O,6.8627415
CCCCC(N)CCC(C)CCC1C=C1C,6.4493756
C=CCCNCC(OC)C(CCO)CCO,7.122549
CN1C2(N)CCC(O)C(CO)C1(CCO)C2O,7.554373
CCCCCCC1CCCCNC1NC(C)CO,8.053788
CCC1CC(CC(C)=O)N(C)CCCCCCN1,7.008692
CCCCSPN(C)[SH](CCCC)CCCC,6.2869496
CC(CCC#N)CCSCSS,5.807075
CONP1CC(C)CSCC=NC1C=O,5.0865455
COC1CNCCCOC(=N)C1,7.1426215
N#CCOCCCCCCSC=O,6.5616426
COC1C=CCCCC1,7.0291076
C=CCC1C=CC=CC=COC1CC=C,4.5446744
C=C(C=O)SC(C=S)=C(O)OO,2.6236491
CC(CCCC=O)C1CCC(O)C1C,6.4051585
CCCC1=C(S)CCOC=[SH]1,3.9144602
C=C1C(=C)C2C(=O)N2C1O,4.144224
CCC1=CCCC[SH](C)C1(C)CC,5.068151
CCC(C)NNSCC(CCC1CCCC1N)NC,6.232849
CCCCC1C(=N)OCCSC1C,6.7616053
CC1CNC1CCCC1CCCCC1,7.5822964
OCC1CCCSC=N1,5.7628093
CCNC=C1C(OC)CNC2COCC12,6.0016403
CNC1=CN=NCCC(O)CNOC1,4.344427
CCCCCCCC=C1CC1C,6.391651
CC1CC#CCCCCC1O,7.525229
CCCC1OC1CC(O)COCCCCCCOO,8.262346
CC1CCCN(CO)CCCCN=NOCC1,6.7304354
CNCC(N)NSCC(C)O,6.9581127
CCCC(O)C1(NC)CNCCC(N)C1,7.6647563
C=C(C)CC(NCC(C(C)C)C(C)CCC)ON,6.5418386
CC(CN)CCN(C)C=O,7.2182465
CCC(C)CC1C(C)C1CCO,8.165699
CC=CC(CC)(CO)CCO,7.0696797
C=C(CCNNCC(C)C)C(C)N,6.5509987
CNC1=CC2NCN12,5.7890096
CCCCC(C)COC(C)(C)C,8.856225
CCC(C=CCNC(C)C)=CCNNNC,4.9845023
CC1(C)NCCCOCN1COO,7.96209
CC1CCC(=O)C1CCCCCl,5.841357
C=C(N)N=CNNNCC[C]C,4.5414286
CC(C)NNC(C)(CCS)SO,6.3999977
N#CC1CCNC12NN2,7.367733
C=C1SC=C(N)C=C(C(C)C(C)CN)C1O,4.945231
C=C1CCCCCCCCC1CCCC,6.9363003
CCCCC1CC(N)C(C)=N1,7.328859
CCCN1C=Nc2ccccc2N=C1,3.773177
CCNC(CO)C(N)OCCOCNCNN,7.9300823
CCC(COC)OC,9.151103
C=CCC=CC1C=CCCCCC1,5.853528
O=CCC=CCC1=CCCOCC=C1,3.8036509
C=C(CC)NCCCCCCC,6.8509765
NC1C=CC=CCCOC=CC=C1,4.1603785
CC1COCCNNC(C(=O)CN)C1,6.7176495
CCCC=NC(C)CC1CNC1OC,6.5085797
C=C1NC1C1OOC1N,7.1058774
CCC1CCC(N)COCNN1,8.110743
CC(CC1(C)CC1(O)C#N)NNO,7.393818
CCCCC=CCCCC,7.4389143
COCC(=N)C1=CCNOCCC(O)C1,4.931161
CC1C#SC1CC1CSCCSS1,5.833179
C=CC(CCCC)C(C)CO,7.2971363
CCC=CC(CNCC)COC,6.546083
CC=C1C=C[N]CNCCCCC1C,3.8929327
CCNCC=C(O)CCC(C)C,7.2884526
CCCCCCCC1=CCC1C,6.619717
C=CCC1CC(C)C1NNCC(C)=O,6.6935573
CCCCCCC(C#N)CCC=CC(C)C,7.2300005
CN(C)CNC(C)(CN)C(O)NCN,7.4258356
CC1OCCC(CN)CCC(O)CCC2CC21,8.530989
CNC(O)C1CC(C)CCC(C)CCC1C,7.57533
CCN1C=NC=CC=C2C3=C(NNC)C(=C21)C=C3,2.8296955
CC(CC(=O)C=O)OO,4.653953
CCCCC1CCCC(CCS)NC1,6.4502454
COC1=C2C=CC1=CC(CCCN)=CCC2,3.3338633
CC=CSCCCC=CC(C)CC,5.2842174
Cc1c2c(cccc1=O)C=C2CN,3.645151
CCNCCCCC1C=C1C(C)C,5.6575055
C#CSCC=CCC=CSS,4.27894
C=C(N)C=NNC(CC=CC)C(C)CCC,4.662054
CCCCCCC1CCC(C)CCNC1C,7.8695183
OCCC12C=CC1OCSC2,5.7230835
CCNCCNNC1CC1,7.8100104
C=C1NC=CC(C)NCN1CCNS,4.6579757
CCC1(CC)CCC12CC2,8.751404
COCCNCC=CCC1CC1,7.0164957
CC#CCCC1CCCCCCCC1,8.042804
C.CC=C=C=CC(=O)O,4.132738
CCC1NCN2COC1CCCC2C,7.255558
CC(CCC1CN1C)NCN=O,7.3612537
CCCCCC(CC)COC[SH](C)C,7.2568207
C=C(C)CNC1CSCCN1COS,6.2533894
CCCCCCCCC1CC(C)CCCNN1,7.1663465
CCC(C=O)CPP(OC)OC(C)O,6.4954686
C=CCCCCCCOCC(C)C(C)=O,6.383557
C=CC1=[SH]C(C=C)S1=O,2.6116168
CCCC1CC(C)C1C,9.642461
COCCSCC(OC)OCC(C)C,7.020453
CC(=O)C(C)NCC(C)C(C)N,5.9753337
CC(CN=CO)C(C)(C)CO,6.700783
NNC1=CN(O)N=CN=NOCC1,3.8212078
CCC(O)C=CC1CCCNCC1,6.2202253
CC(CCCCCC#N)CC(C)(C)C,9.096796
CCCC(CCCO)CC1CCCC1,8.849237
COCC(C)C1CN1C,8.406971
CCC=[PH](C)(=O)CCCOCC,5.1979303
CCC(CCCCOC)SC1CCC1,7.0799828
CC1C=[SH]OCCCCCC=CCC1,5.810566
CCCNCCN=C(C)CCCCC(C)COC,6.7207522
CC1CCCC2C(C)CCCCC12,9.367753
NNCC1CNCC2=CC2=CN1,3.3112633
CCC1=C(C#N)SCC2=CC=CC2=CC=CC=C1,3.1068704
CNC1=CCCNC=CC=CC=C1N,2.9951007
C=CCOCC(C=CCN(CC)CC)CNOC(C)C,5.931516
CCC1=CC=CC=CC(C)=CC=CSC=NSC1,2.4705117
CN1CC1C1CCCNN1,7.7896967
CCCCC(C)CCCC(C)CN,8.31582
NCc1cccc2c1C=CC1=CCCC2C1,4.4134836
NC(=O)N=NC=CCCNCCCOO,5.142457
CCNCC1C(C)CCCCCCC1C,7.8760796
CCCCCCCC(C)C(N)CCC,7.9433665
CCCCCCCCC(O)(CC(C)O)NC,8.138767
CCOCC(C)C(C)OC(C)CC,9.034934
CC(C)=NCC#CC(C)C(C)CCF,5.7895956
CCC(C)(CCO)CCCC(C)NNOC,7.782338
CC1SC1CCCSCNSCS,6.366253
CSC1C[SH](CN)C(CSNNCN)SN1,5.157723
C=CC=CC1=CCN1CCCC,4.6425486
CC1CCC=CCCC1CCC=N,6.229423
COCSSCCCCCSCCCSC,5.6243086
CCC(O)C(C)(CC(C)OC)C(C)O,8.188505
CCC(C)CCCOC(C)CO,8.909694
COCCC(O)CCCC1(CCOCO)COC1C,8.7406435
CCC(CCC(C)OC)CC(C)C,8.896071
NCC(O)C1=CCC(O)CCC(CCO)C1,5.772102
CCCONCCC1CC1CNCC(C)CO,7.637896
CC(CCO)CCCCCCCP(C)O,8.455388
C=C(C)COC(CCCCCCCO)OC,7.7738194
C=CC(CCCC)C(=O)CCCCN,6.3241053
NCC(CO)NCCCNCNNCCO,7.3900256
C.CC(C)OS(C)(=O)=O,7.7941937
C=C1OCCC(CC)CC(C)C1CC,7.3321304
O=C1CCCCCCCC1,6.0122747
C=NCC=CCC1COCC(C)NC1C,5.5973315
CCCCN(C)C(N)(CC)OO,7.7339306
CC(C)CC(C)CC(C)(C)OO,8.5666485
CC1(C)CC(N)(O)CCCC(CNN)C1ON,7.79161
CCC1CC(C)C2CCC2(C)C1,9.372186
O=C1[C]2[C]C(=S)C=C21,2.64059256202124
C=Nc1cc2ccc1N=CC=C2SC,4.09504095897132
O=CC=CC1=CC(C=O)=CNN=C1,2.775561019437
N=C1C=C2SN=C2C2=S1C=CC=C2,2.20194507542002
O=C1C=C2C3=CC=C3C3=CSC3=CC=S2N1,2.39677857443148
S=C1C=C=CC=CC=NC=CS1,3.41829387511447
Cc1c2ccc3c1C2=C=[SH]SSSS3,1.63594831851522
CCSC1=[SH]C2=[SH]C(=C1S)CC2,4.10973510554481
NNSSC1[SH]=S=CC=CC1=S,3.17420777369928
NC1=CC=CC=C2C=CS(=S)C2=N1,2.43514662381782
CSCC(=S)C1=C=CC=C=C1SS,2.60195239880947
O=C1C=C2C=CC=CC=CN=CC=C12,3.2552976936789
N=[SH]12C=C1C=CC=CC2=S,2.73637662857436
C=C=Cc1cc2c(cc3cccc1-3)C=C2,2.6449463832282
[C]=CC=C[C]CCC(C)=O,2.20221718924545
O=c1c2cc(c3cccccc1-3)C=N2,2.39079207027191
N=CSC1=NN=CC2N=CC2=C1,4.05612868193411
SN1C=CC2=CC=NC2=CC=CC=CN=C1,3.25257655542456
O=C1C=CC=C2C=C[SH]=S12,3.61258314647506
O=C1C=C=C=c2cc3cccc-3ccc2=C1,2.29473588989336
O=C1[C]2[C]C(=S)C=C21,2.64059256202124
C=Nc1cc2ccc1N=CC=C2SC,4.09504095897132
O=CC=CC1=CC(C=O)=CNN=C1,2.775561019437
O=c1ncc2cc3cccccnc-3c-2n1,2.37337678544407
NN=CC1=CC=CSC=C1N=CS,3.72496615637971
O=NCC=CCOC1=CC(=S)C=C1,2.95896573778019
OOc1nc2c(ncc1=S)=CC=2,1.77663116626511
ONN1CSC=C=C(C=S)N=N1,2.89855646853362
O=NN=[SH]Nn1c2cccc-2cccc1=O,2.8463106140501
O=C[C]1C=CC(=S)SC=CN=C1,3.55516712930827
C=CC1=C2[C]C=C=C1N=C2SS,3.67108761894359
[CH]C=C1C=CC=CSC1=NC,1.94724653481286
Nc1ccc2cccc3c(c1-2)=CC=3,2.95379557509692
S=C1C=CSC2=C=CC(S)=S12,3.24005931945454
O=c1c2cccc-2ccccnc1=S,2.88086906988035
N=C1C=CC(=S)SNSSNC=CS1,3.13094167545511
NC1=CC=CC2=C(N=S)C=CSC1=C2,1.65118669273958
[C]=CC=C1CC1CCCSN=O,4.0490537224728
O=C1C=Nc2ccc3c(c2=C1)=CC=C3,2.30616467056163
[N][C]C1=CC=NC=CC1,4.30810608428692
S=C1C=CC=C=[SH]c2ccccc2SS1,3.26699858817261
NNC[N]c1ccc2cccccc1-2,2.35215190706014
CC1=CC2=CC=C(S)C=CC2=C=[SH]1,2.77882638534222
O=CC1=C2NC=NN=c3ncnnc3=S12,1.60356677328845
CCC(C[SH]=S)=[SH]C1=CC=CC1=S,1.05471318738606
[SH]#SC1=C2C=CC=C2C=CC=CS1,3.34890484962855
O=CC1=S2CSC=CC=C2C=CC=CC=C1,3.60169859345766
O=C1C=CC=C2C=CC=C2C1=S,2.22834011648721
[N]=C=C(CCC=CO)N[O],4.09014291011349
SC1=CC=Cc2n[nH]cc2C=CSSC1,3.88524119956093
N=NC1=C2C(C=S)=C=C=C2S1,1.90044295683804
CSC1=CC=CC=CC=C1[C]SCC=O,3.00985102313654
N=C1C=C2SN=C2C2=S1C=CC=C2,2.20194507542002
O=C1C=C2C3=CC=C3C3=CSC3=CC=S2N1,2.39677857443148
S=C1C=C=CC=CC=NC=CS1,3.41829387511447
Cc1c2ccc3c1C2=C=[SH]SSSS3,1.63594831851522
CCSC1=[SH]C2=[SH]C(=C1S)CC2,4.10973510554481
NNSSC1[SH]=S=CC=CC1=S,3.17420777369928
CC1=CC=c2ccccc2=NC=CC1=S,2.57691792686945
N[C]CC=C[SH]=c1cccccc1,2.57174776418619
NC1=CSC(=S)C(C=CCC=S)=CC1,3.33448281688049
O=C1N=S2C=CC2=CC=CN=NN=NS1,3.46618590839103
CCCC1=Cc2ccccc2OC2=C1C=C=[SH]2,3.7823821735465
C=NC1=CC=CC=CC=C1C=O,3.75816404308279
C1=c2ccc3cccc-3nncsc2=C1,2.29990605257662
N=C1C(=S)C(N)=C[C]SC2=CC=C12,1.90996694072826
C=CC1=S2C(=CC2=[SH]C)SC=C1,2.15133190388911
CC1=CC2=CC=CC=CC=C=C=C2C=NS1,3.10427452056248
S=C1[C]=C2C=CC=C2CS1,2.90018915148623
O=C1C=C=[SH]c2cc3cccc-3ccc2C=C1,3.09475053667226
O=C1C=C=[SH]C2=CSCN=CC2=CC=C1,3.08740346338551
N=C=CC1=S2C=CC=CC=C2SN=CC=C1,1.60519945624107
O=CNC1=CC=CC=CC2=S1[SH]=[SH]2,2.54317581251551
[C][C]1C=CN=C1CCCC=S,3.0694439509068
C=CN=c1cccc2cccccc1-2,2.33364816693056
O=C1C=C=[SH]C2=CC=CS2=N1,2.95025809536627
C=C[C]CC=CN=CCC=CN=O,2.71487963636499
S=C1C=CSC(=S)C1SSSSSS,2.92495150960081
NNN[C]1C(=S)C=CC=CC1=S,3.09284573989421
[S]NCC1SC2=CC2=CC=CC1=S,2.82100402828465
[N]=CC=[SH]c1ncccn1,3.4068650944462
NN=C=CC(=CN=S)c1ccnnc1,2.55596516231095
O=S=NC1=C(C=S)CNN[SH]1S,2.46235800636132
NC1=CC=CC=C2C=CS(=S)C2=N1,2.43514662381782
CSCC(=S)C1=C=CC=C=C1SS,2.60195239880947
O=C1C=C2C=CC=CC=CN=CC=C12,3.2552976936789
N=[SH]12C=C1C=CC=CC2=S,2.73637662857436
C=C=Cc1cc2c(cc3cccc1-3)C=C2,2.6449463832282
[C]=CC=C[C]CCC(C)=O,2.20221718924545
O=c1c2cc(c3cccccc1-3)C=N2,2.39079207027191
N=CSC1=NN=CC2N=CC2=C1,4.05612868193411
SN1C=CC2=CC=NC2=CC=CC=CN=C1,3.25257655542456
O=C1C=CC=C2C=C[SH]=S12,3.61258314647506
O=C1C=C=C=c2cc3cccc-3ccc2=C1,2.29473588989336
C1=CC=Cc2cccnc2C=CC=CN=CSC=C1,3.18318752993863
C1=C=c2ccccc2=CC=CC=CC=CC=1,2.26861296265159
O=C1C=c2ccsc2=CC=CSC=CS1,2.96876183549585
ONC1C=C2N=CC=CC=C2C=CC=CSS1,3.19760956268668
CC=CC1=C(C)S[SH]=C=CC(=S)S1,2.97746947790977
CC=C(O)C1=CC=CC(=S)SS1,2.89637955793014
S=c1cccc2cc-2sc2c(ss1)=CC=2,1.0775707487226
CC12C(=S)N=CN=CC1=CSC2=S,3.37121818331422
N=C1C=C2C=CC=CSC=C2S1,3.53094899884456
O=CC1=CC=CC=CC1=CC=S=S,2.22534686440743
CC1=CC=C2C=CC(S)=S2C1=S,2.57365256096423
O=C1C=C2C=NC3=CC=CC=CC3=C=NC2=C1,1.91105539603
C=C1C=CC=C=C1SC(S)SSSS,2.58834670753772
[O][N]C1=CN=CC=COc2ccncc2C=C1,3.98864445322623
N=c1ccccc2c(cc3cc1-3)=CC=2,3.51081257576237
NNNNC(C=NS)=CC=CN=S,1.81091750826993
C1=CSSS2=C(SC=C2)SSC=CSN1,2.013642308219
S=Cc1cccc2cccc-2cc1=S,2.23351027917048
C=C1C(C)C1C=[SH]C=[SH]CC=N,3.09311785371964
S=CC1=CC=CC=CC=C1N=N[SH]=S,2.70317874187129
[CH]CCC(=C=S)C=CC=[SH]O,2.71324695341239
CSC(C=C=CC(S)CN=N)(OS)SN=O,3.77095339287823
O=C1N=CN=C2C=CC=CC=C2c2ncccc21,3.434892818466
S=CC1=NNNSC2=CC=CSC2=CC=CS1,2.81746654855399
CC1=NN2N=CC=CC=CC=NC2=COC1=O,3.07597468271724
C1=CC=CN=NC=c2ccccc2=CC=C1,2.36058743564863
CC12C(=O)CSN=C1N=CSC2=O,3.9829300628921
O=CCNNCc1ccc2c3c1ncc2=CC3,3.05883151171483
[C][N]C[N][C]CCCCNNO,5.11084186932017
CC1=CC=NC2=CNCNC2=CCC=C1,3.42291981014687
CC=C1C=C[SH](=S)=CN1CS,3.64142721197117
[N]N1[N]C1=CN[O],4.74974682296793
CC1=CC=CC2=CSC2=CC=CC=NS1,3.50101647804671
Cc1cc2c(cn1)N=C=CC=CCC=C2,3.73503436792081
Sc1ccssc2ccccccc-2cnc1,3.57339875561242
S=C1C=NN=c2sccc2=CS1,2.21282962843742
C.C=[SH]C(=O)C=[SH]CCCC(C)C,3.6362570492879
NC1C=CC=CN=CC=NC(C=O)=N1,3.89258827284767
CNSC1C=CC2=CC=CC2=CC=CC=N1,3.25312078307543
O=C1N=C=C=c2ncccoc([nH]2)=N1,3.43897452584753
S=C1C=CC=CC2=CC=CCCN[SH]2S1,3.94755526558554
C=CC(=C)SC1=CC=C(C)[SH]1S,3.17801736725537
NOC1C=NC2=CC=CC2=CC=CN=N1,3.09583899197399
O=C1CCSc2c(c2=O)C=N1,4.35871925581783
C1=CC2=CC=C3C=C3CC=CC2=C1,3.56360265789676
C1=NC2=c3sccc3=NC23SC3=C1,2.02615954418901
O=C1C=C2C=CC=C2N=C1C1=CS1,1.6217983995926
NOc1cccc2cc3ccccc3c-2c1,2.68657979851976
CC=CC(C)CC(=S)CC[SH]=NNC,3.00332029132609
O=Cc1cnn2c3c(cccccc12)C=CC=3,3.4449610300071
COCC1=C2C=COC(=CC2=O)C=CC=C1,3.88279217513202
N=C1C(=O)N2C=CN=CC=C2C=CC1NCC=O,3.755170791003
NNc1ccccccc2cccc-2cc1,4.07191128380934
CNc1ccc2c(c3cnnc1-3)C=C=C2,2.30398775995814
CC1=CC2=CC=CC=C=CC2=CC=C1,3.24686216509042
NC1=CC=CC=C=CCN(CN=O)C=C1,2.70671622160194
C1=CON=c2ccccc2=CC2=CC2=C1,1.89989872918717
CCN=CC1=CC=C2C3=CC=CC=CC3=C12,3.26781492964892
CC(O)C1=NC2=NNC=C3N=NN=C(O)C2=C3N1,3.69149615585121
NNCN=NC1C=NC(=O)CN=C[CH]NC1,3.65584924471923
C1=CC=CSC2=CC=CC2=CN=CC=C1,2.64276947262472
CC12SC=NC=CC1=CC(=O)C(O)S2,3.6237398133179
CC1=CC=CN=C2N=NC=C2C=CC=CN=C1,2.79542532869376
O=CC1C=CN=c2ccccc2=NN=C1,2.83188858130205
O=C1C=CC2=CC=CC=C3C(=C23)O1,2.66617126161213
CCC1=CSC(C)=C=C(S)C=CC=C1,3.89394884197485
CC=C1C=CC=CC=CC(C=S)=C1,0.73579578397624
S=C1CC=C2C=CC=CC=CC2=CS1,3.55489501548284
O=C1C=CC=C2C=C=C=CC=C2NCC2N=C12,2.62263304954253
O=NC=CC1=CC1=C1OC1=O,2.6713414242954
C=NCC=C(C)SC1=C(N=O)N=C1,2.12520897664735
N#CC1[SH]=CC1=NC=CC=O,2.8571951670675
O=CC1=C=C=C(C2=CC=NOC2)C=C1,3.53013265736826
C=C1c2sccc2C=C(NC2=NNC(=O)CN2)N1N,3.73204111584102
CCCCCSC(=S)C=CN=CC=O,2.84685484170097
CC1=C2C(=CC=O)CC2=C1,2.43052068878542
O=C1CNNC2=CC=CC=C3C=C2C=CC=C3O1,3.43380436316427
C=C=CCC1=CC=C(N=NN=O)C1,2.72331516495348
CCCNC1=CC=CC=CC=C1NCCNC,4.08660543038283
[CH]C1C=CC=CC=NCNC(O)C=C1,3.21230370926017
[C]=C(CC)NOC1=CC=COC=C1,3.65231176498857
[CH]C1=C[C](CCC=O)CO1,4.96580520036332
C1=CCC2=CC=C3C=CC=C3C=CC2=C1,2.86209321592533
O=C1SC(O)N=CC=CC=CC=CC=C1F,2.68739613999606
OC1=C2ON=C(C=C1)C1C=CC=CC1=NCS2,3.76197363663888
CC=C1C=CC=CC=NC=C(N)CN=C1,2.16194434308107
CCC1=CN=CC2=C3C(=C13)C(C)=CC(=O)O2,3.05338923520613
CN(C)C1=CC=Cc2csc(c2)C=C1N,3.74455835181104
O=C1C(O)=CC=C2C=CC1=CNNC(CO)CC2,3.6027870487594
C1=NN=CN2N=CN=CN=CC=CC=CC=12,1.58479091933344
C1=CN=NN=NN=NCN=NN=C1,1.63485986321348
COC1=CC=CC=CC=C1SSCS,4.09340827601871
CONC1=C=C2C3=NC=CC=CC1=NC23,3.09719956110117
C1=CC=C2C=CN=CSCSC=C2C=C1,2.46126955105957
NN1NC=CC=C2CCCC=C2C=CC=C1O,3.87190762211461
C1=CC=CC2=CC=CC=CC=C2C=CCC=NC=C1,3.29176094628719
NC1=C=CC=C=CN=C=CC=C1,4.0762651050163
CC(C)=[SH]C1=CC=CN=NSC=[SH]1,3.01855866555046
C1=CC=NC=CC=c2ncccc2=CC=C1,2.80903101996551
COC1=CC=CC2=C(SC=NC2)SC1=NN,3.55326233253023
CCCC1C=c2ccc3ccccc3c2=CC=C1N,3.6308147727792
ONN1C=CC=C2C=CC=CC1=C2,4.17558665130008
CC1=NC2=CC=CC=CC=CCCCC2C1,5.07492284436275
C1=CNC=S2C(=C1)C=CC=Cc1ncccc12,0.966276194119685
CCN=C=C1C=CC=C=CC=C(C)C1,4.87437495501716
NCC1C=C2C=CC3=C2CCN=CC(=O)C31,2.65011654591146
NN1CCC=c2ccccc2=CC=CN1,3.18536444054211
O=C[C]CCC=CC1C=C=CC1,2.88059695605491
c1cccc2c3ccccc3c-2cc1,2.61120426887426
O=C1C=CC2=C=C3C=CN=C3C=C12,2.62644264309862
C=C1C=CSC2=CN=CC2=CC=[SH]N1,2.75678516548198
CSC1=CC2=CC=CC2=CC=CC=CC=CS1,3.21230370926018
S=Cc1ccsc2c(C=S)ccc1-2,2.01418653586987
O=COC1[SH]=CC=C2C=CC=C21,3.50673086838084
O=C1CS[SH]=CCC2CONC=C2CS1,3.54373834864
CN1C=CC=CC2=CCCC=NN=C21,4.18021258633247
O=c1ccc2ncc1=CC(O)=CC=2,2.46671182756827
NC1=CC=CN=C2C=NC=CC=CC(=O)N=CC1=C2,2.1325560499341
OC1=CC2=C(C=CCN2)N=C2C=C2C1,3.39380363082532
C1=CC=c2ccc3c(c2C=C1)CC=CC=3,1.98670303950094
N#CC1=CC=CN=C([SH]=C=CS)C1,3.20468452214799
C=C1C=CC2=CC=C2C=CC=C1CSS,2.4435821524063
CCC(=O)C1=CC=C1CN(O)CCC=CNNC=NO,3.21148736778387
C=CON=c1ccc2nnc-2c2c(C)cccc2cc1,3.29067249098546
CN=CC1=CC=CC=CC=C=C=CC=CSS1,2.17527792052739
CNCC1=CN=c2ncccc2=CSC=CC=C1,2.88005272840404
Cn1cccccc2cc3ccccc3c-2c(=O)[nH]1,3.72605461168146
C=NC1=CC=CC=C(CCC=O)C1=C,3.65666558619553
Cc1ccc(NN=NNCC(=O)[N]O)cc1,4.3965430775533
CC1CN=NC2=CC=C3C=CC(=C31)C(=O)NCCC2,3.52904420206651
COCC(=O)C1CSCC1=C=[SH]S,3.92877941163053
C=C1CC2=NC=CN=CC2=CC=CC=CS1,4.02946152704148
CC1=CC2=CC=CC(=O)C=CC2=CC=C1,2.60440142323838
CN=C=C=CC=CC(=O)C=N,3.22373248992845
C=C[N]C=CC(=CN=S)CCCCS[CH]N,0.306128053614375
Cc1csc(=S)c2ccccccsc12,2.90671988329667
C=CC=CC(CSC[SH](C)S)SSSC=S,2.503447194002
O=Cc1cc2cccc(=O)ccc-2c1,3.03053167386959
COC(N)=COC=CC=CC1=C(N)C=CSC=C1,3.27733891353914
O=C1C=S2C=CC3=CC=C3C=C2S1,2.12847434255257
CC=C1C=C2C=CN=C(CN)OC=C2C=CC=CC1,3.96524266423882
NC1=CC2=CC=CC=CC2=CC=C=c2c(=O)c2=CC=CC=C1,1.97255312057832
S=C1C=CC=CSC=C2C=CC=C2CN1,1.66751352226568
CSC1=CC=CC1=C=CSC=[SH]S,3.3189723288307
CCNNC1=CC=CSC=C=C1CC=S,2.6449463832282
C=NC(C)(C)NC1=NC=NN=CN=C1CN,4.62566291856957
SSC1=CC=c2[nH]ccc2=N[CH]1,2.76630914937221
C=C(CNNNC)C1C=c2ccccc2=CN=C=NNN1O,2.89039305377057
CN(O)N=C1C=CC=C2C=CC=CN=NC=C2C1,3.0142048443435
ON=CCC1=CC=C2C=CC=CC=CC=C21,1.79295799579121
NNn1cnccncc(=S)cn1,3.42291981014687
O=C1C=CC=CC2=S3C=C3C1=C2,3.50972412046063
CC1=CC=Cc2ccccccnn2N=N1,1.65336360334306
CSN1CC(C)(C)C=[SH]SC[SH]=CS1,2.39024784262104
CCCC1C=CC=CC=CC=S2C=CC2=CC1,3.59870534137788
CC1=C(C)SC2=CNC2=CC=CC=CC=C1,3.47081184342343
C=C1C=CC=CC=CC=CSC[SH]=[SH]1,3.14944541558469
C1=CC=C2C=C(CSS2)SCC=C1,4.15408965909071
OC1=[SH]CC2=NC=CC=CC2=NCC=C1,0.92845237238422
CC1=CC(c2[nH]nc3c2C=CC=CC=C3)=C1,3.05148443842809
C=C1CC2=C=C=C2SC=CSC=CS1,4.29450039301517
[S]N1CC1=C1NC=CC=NC1=S,2.56004686969248
N=C1C=C2C=NC3=NC=CC=CC=C3NC12N,2.39405743617713
CCC1C=CC=C2C=CC=CC=C=CC2=C1,4.08987079628805
S=CC1C=CC=C2C=CC=C2SC1=S,3.50727509603172
CC1=CC=C2C=CC=C1C=CC=CC=CS2,0.966820421770555
NOC(N)CC1=NN(C=S)C=[SH]1,3.20223549771908
C=CC(=CCC=CC=CC)CC=S,3.57231030031068
CC1=CC=CC2=C3C=C3SC(NN)N=NNC2=C1,2.79950703607528
C=C1CC2=CC=CC=C(CC)C(=O)NC12,4.32688193824194
CC=CNC1=C[SH]=C(N)C=CN=N1,3.5475479421961
COC1=CC=CC=C(ONCC=O)C2COCN12,2.74127467743219
Cc1cc2cc3cccc-3ccccc1-2,2.85229711820967
CC1=NC2=S(C(=O)N=N2)C(C)=N1,4.03054998234322
[N]=NC1=CC2SC=NC(=C1O)C2=N,2.92413516812451
Cc1c2c3c(cnc1=N)C(=C2)C=CN=CC3,3.62237924419072
NC1SC=CC=C1N=CNC=O,3.79625997864369
CC1=CC=CC=CC=C2OC=CC=C2C2=C1C2O,3.82510404413979
CC1=C2N=CN=C2C=CN(C=O)CC1C,3.00223183602436
O=c1cncncccc2ccc-2cnc1,3.34373468694528
CCC1=CC(C)=C=CC=C=COC1=O,4.79138023825948
NC12C=CC=CC=CC1=CC=CC2=O,3.14699639115577
CCC1C=CC=C2C=CC=C2C=CC=C1C1=CC1,3.01638175494697
C=CC1(C(C)O)C2=CC=CN=COC1C2,4.54756625066972
NCc1ccc2cccc3cccc(F)c3c1-2,3.42101501336882
CC1=C(C2=CN=CC=NC=C2)C(=O)N=C1,2.90481508651862
ONCCNNNN=CC1=CC=CC=CC=C1,3.58754867453504
NCCCCOC1=C2C=C(N=N2)SC=C1,3.39461997230162
C=c1c2cccsc-2c2c1=CC=C2,0.961378145261855
CCC1=C(C(N=N)N=N)CC=[SH]S1,2.70209028656955
C=CC(C=S)=NC(OCC)[SH]=S,2.42344572932411
C[N][N]C1=CC=C(N=CNNNN=NNC)C=CC=C1,3.36468745150378
NN1NN=CCC=C2C=C2C=CC=NNN1O,3.32931265419722
O=C1CC12C=CC=NN2c1cccs1,3.30835988963873
[C]1=CC=CC=CC2=CC2=CC=CCNC1,2.62807532605123
C=CC1=C=C2C=C(N)CCNSC2=CC=NS1,3.50183281952301
COCC=NNNNCNNC1=CC=C1C1=CS1,2.39324109470083
NNC1=c2c(N)ccncc3c(nc2NN1)=C3NON,2.75406402722764
O=C1C=C2C=C3C=CC=C3C=CC=C12,3.05094021077722
C=C1C=CC=C(C(C)=N)C=CC=CS1,2.6947432132828
COC1=C(C)CCC2=CC=CC2=C1,3.52931631589195
CC12C=CC=C3N=C3N=C1C=CCC2,2.91923711926668
NNN=C=C=CS[C]Cc1c[c]ccc1NC=O,3.47190029872517
CCCC1=C(S)c2cc(cs2)SC=CC=C1,3.44115143645101
CC1=CC=CC2=CC3=CC=CC=CS3=NOC=CC2=C1,2.45038499804218
COc1ccc2cccc(=O)oc1-2,2.45691572985262
CC1=NS2=CN=CC=C2[SH]2CC2SC=C1,3.68088371665924
COC1=CC=CC=CC=c2ccccc2=CS1,1.578260187523
CCN1CC2=CC=CNOC2=CC=CC=N1,3.36985761418704
O=CC1=CC2=C(CN=CC=C1)SC2,3.50972412046063
C1=CNC2=CN2C=CCC2=CC=CC2=C1,4.32769827971824
CC1=CC=NC2=CC2=CSC=C1,3.14971752941013
C=CC1=CC=CC1=CC=C=CC=S,2.97202720140107
Cn1ccc2ccccsc=2cnsnn1,3.13611183813838
O=CSC1=CC=CC=CC(=O)C=N1,2.35895475269601
C=CSSc1ccc2c(c1)C=CC=CC=C2,3.9900050223534
CC=CC1=CC(=CC=CCCO)C=CC=C1N,2.92984955845864
c1cc2c[nH][nH]c-2ccc2c3cc-3cc2c1,3.40468818384272
C[SH]1CCNC(C=CC=O)C1=O,4.6213090973626
CN1C=CN=NC=C2C=CC=C2N=CN=C1,2.50208662487482
CC(C)C1=CN=CC=C[SH]1C(S)N=N,2.64549061087907
CSC1CSSCC=CC(=S)S1=S,2.48575979534872
C=CC(=C=C1C2=C(CS)C12)C=CC,3.88279217513202
CNN=CCC(C=N)[N]C=CCC=CC=CNN,4.75165161974597
CC1=CC=C2N=CSC=CC=CC=C[SH]2S1,0.677291311507715
CCC1C2=CC=CC=CC=CC1COC2=O,4.36960380883523
C=C(CCC)NC1=C(C(C)=S)C=C=C=C1,3.35026541875572
NNC1=CN=C2C=CC=CC=CC=C1C=C2,2.60304085411121
C=CCNOC1CC=CN=CN=CC2=NC2=C1OO,3.78673599475346
CCC1=CC=CC=CC=c2ncccc2=CN=C1,1.89853816006
NCC1CCCCSC[C]C1=CC=S,3.88469697191006
N=CSCCC1=C2C=C2CC1=O,4.77342072578077
O=Cc1sc2ccc3ccnc-3cnc1-2,2.42779955053107
CCC1=CC=C(S)C2=CC=C1C2,4.46212250948313
N=CNCC(=CCN=S)N1C=CN=C(N)C1,2.01799612942596
N=CCNCC[SH]=CSS.N=CN,4.73967861142683
CC(=O)C1=CC=CSC(C)=NSS1,4.0327268929467
COc1cccc2c1=CC(=N)N=2,2.6566472777219
O=C1C=Cc2c3cc(nc21)C=CC=C3,1.74860344224531
C1=CC=CC=C2C=CC=C2C=NC=CC=C1,2.77719370238961
C=C(O)C1=CC=C2C=CC=CC=CSC=S21,2.86236532975076
CC1=CC=CC=C2C=CC=C(C=O)C=C12,2.87461045189534
NN1N=CCON=Cc2c(SC=O)ccnc21,4.30783397046149
N=c1ssc2c1=NNc1ccccc1N=2,3.38237485015705
CC1=C(S)C=C=CC=CC=CN=C1,3.66700591156206
CC1=CC=CC=CC=C1CC(C)NNNN,4.6204927558863
S=CC1=CC=CC=Cc2cccc1c2,0.734435214849065
O=C1C=C2N=CCC=NNN2C1,3.97585510343079
O=CC1=CC=C2C=CC=CC=CC=S12,3.37666045982291
C=CN1C=CC=CC=C2C=CC=CC=C2S1,2.59433321169729
NC1=CC=CC2=C(SC1)SSC=C=C2,3.2063172051006
O=C1C=CC=CC=CC=NC=C(O)C(=O)C=C1,3.01366061669262
[C]#C[C]C=CCCC=CCC=C,1.97336946205462
SN1C=CS2=CC2=CN=CS1,4.55055950274951
NC1=C2C=CC=CC=CN=[SH]C(=C1)SN2,2.98536077884738
O=C1C=CC=C2C=CC=CC=C[SH]2C1=COO,1.43485620151875
OC12C=CC=CC=CC(=CC=C1)CNN2,3.99109347765514
N=c1c(=S)sccc2ccccc12,3.56550745467481
C=CC1=CC=Cc2ncnn2C=CC=CC=C1,4.13504169131026
O=C1C=CC=CC=C2C=CN=CC=C12,3.35271444318464
O=C(S)C=CC1=CC(=S)N=C1,2.57555735774228
C=C1C=CC2=CC=C1SC=CC2SCCSC,2.71215849811065
N=C1C=C2C=CN=CN2C=Cc2scnc21,3.28604655595306
CC1=C(N)CN=C2C=NON=CC=C21,3.36087785794768
COCC1=C=C=CC2=CC=C2C(=N)C=C=N1,2.00030873077269
CCN1C=NC=C2C=CN=C2S1,3.19951435946473
CCC1C=CC=C2C(C)=CN=C(C(C)=O)C21C,3.16305110685644
O=C1NC=CC2=CC2=NN=NS1,1.92085149374567
C=C1C=CSCC2=CC2=CC=CC=CS1,3.04604216191939
OCC=NC1=CC=CC(O)=C(O)C=C1,3.54754794219609
CC1CC=C1C=C=NC1=[SH]CC1,3.56659590997655
S=C1C2=CC=CSC1=CC=CC=C2,2.14806653798389
O=C1CCC2=CC=CC=NC=C2OCN1O,3.96007250155556
C=CSC[SH]1SC2=CCC1CC=C2,3.47951948583734
NC1=C(C=O)N2C=CC=CC2=CC=N1,2.92603996490255
CC[C]NC1=CC=CC=CN1C(=O)COC,3.87925469540136
CCCON=CC1=CC=CC=C[CH]1,2.27051775942964
N=CC1(N=O)N=CC=CC2=C=NC21,3.62618883774681
C=C1C=c2ccccc2=CC=CNC1,2.67651158697866
OC1=CC=CC2(C=CC=CN=CS1)CC=N2,3.94592258263294
[N][C]C=C(O)O[CH][O],5.5884016329586
